Epoch,learning rate,training loss,training mtt::LPS RMSE (per atom),training mtt::LPS MAE (per atom),training forces[mtt::LPS] RMSE,training forces[mtt::LPS] MAE,validation loss,validation mtt::LPS RMSE (per atom),validation mtt::LPS MAE (per atom),validation forces[mtt::LPS] RMSE,validation forces[mtt::LPS] MAE
,,,meV,meV,meV/A,meV/A,,meV,meV,meV/A,meV/A
   0,0.000e+00,1.037e+03,1646.1,1621.4,1436.5,1055.5,5.905e+01,1616.2,1596.8,1391.7,1024.1
   1,2.000e-06,4.404e+02, 865.1, 747.2,1132.8, 766.7,1.159e+01, 251.5, 224.0, 925.3, 585.5
   2,4.000e-06,1.878e+02, 152.4,  99.7, 918.5, 557.8,7.688e+00,  99.3,  67.1, 789.5, 469.8
   3,6.000e-06,1.335e+02,  95.9,  58.9, 779.4, 449.9,5.086e+00,  67.4,  46.7, 660.1, 374.3
   4,8.000e-06,9.414e+01,  66.7,  43.0, 656.6, 362.0,3.504e+00,  46.9,  34.6, 562.5, 305.7
   5,1.000e-05,7.040e+01,  48.8,  32.7, 570.1, 305.5,2.734e+00,  37.8,  26.9, 503.9, 269.5
   6,1.000e-05,5.833e+01,  41.0,  27.0, 518.6, 277.1,2.368e+00,  34.9,  23.2, 471.2, 252.0
   7,1.000e-05,5.099e+01,  37.5,  24.7, 484.5, 259.6,2.095e+00,  33.0,  21.5, 445.2, 237.9
   8,1.000e-05,4.525e+01,  34.7,  22.9, 455.3, 244.0,1.850e+00,  31.2,  20.6, 420.4, 222.7
   9,1.000e-05,3.968e+01,  32.4,  21.6, 427.3, 228.7,1.640e+00,  30.6,  19.4, 397.2, 210.6
  10,1.000e-05,3.439e+01,  29.7,  20.0, 400.2, 214.7,1.450e+00,  28.3,  17.9, 375.0, 198.5
  11,1.000e-05,3.068e+01,  27.1,  18.2, 376.0, 202.3,1.284e+00,  26.0,  15.8, 354.0, 187.8
  12,1.000e-05,2.704e+01,  24.4,  16.4, 353.3, 191.3,1.148e+00,  24.1,  14.5, 334.8, 178.7
  13,1.000e-05,2.407e+01,  21.7,  14.6, 332.7, 181.7,1.032e+00,  22.4,  13.6, 317.6, 171.7
  14,1.000e-05,2.156e+01,  19.8,  13.3, 314.5, 173.6,9.315e-01,  20.5,  11.9, 301.5, 164.7
  15,1.000e-05,1.934e+01,  18.1,  12.1, 298.8, 166.4,8.478e-01,  18.9,  10.9, 287.3, 158.5
  16,1.000e-05,1.748e+01,  16.7,  11.2, 285.0, 159.9,7.783e-01,  18.4,  10.1, 274.9, 152.4
  17,1.000e-05,1.611e+01,  16.1,  10.9, 273.4, 154.2,7.188e-01,  17.6,   9.9, 264.0, 147.1
  18,1.000e-05,1.479e+01,  15.6,  10.5, 263.3, 149.0,6.702e-01,  17.5,   9.7, 254.7, 141.9
  19,1.000e-05,1.407e+01,  15.2,  10.2, 254.4, 144.0,6.257e-01,  16.9,   9.4, 245.9, 138.0
  20,1.000e-05,1.317e+01,  15.1,  10.3, 246.6, 140.0,5.881e-01,  16.7,   9.0, 238.3, 134.0
  21,1.000e-05,1.225e+01,  14.5,   9.8, 239.3, 135.7,5.537e-01,  16.2,   9.1, 231.2, 130.5
  22,1.000e-05,1.168e+01,  14.2,   9.5, 232.7, 132.0,5.235e-01,  16.3,   8.9, 224.6, 126.9
  23,1.000e-05,1.101e+01,  14.0,   9.6, 226.5, 128.4,4.949e-01,  16.9,  10.4, 218.4, 123.4
  24,1.000e-05,1.045e+01,  13.7,   9.4, 220.6, 124.9,4.708e-01,  16.7,   8.8, 212.9, 120.8
  25,1.000e-05,9.962e+00,  13.6,   9.5, 215.1, 122.0,4.465e-01,  16.5,   8.6, 207.2, 117.1
  26,1.000e-05,9.404e+00,  13.2,   9.1, 210.1, 119.0,4.249e-01,  16.3,   8.8, 202.1, 114.4
  27,1.000e-05,8.927e+00,  13.2,   9.3, 205.0, 115.9,4.069e-01,  17.1,   9.2, 197.4, 112.2
  28,1.000e-05,8.656e+00,  13.2,   9.5, 200.5, 113.5,3.878e-01,  16.9,   9.8, 192.7, 109.6
  29,1.000e-05,8.288e+00,  13.0,   9.4, 196.1, 111.0,3.710e-01,  16.4,   9.2, 188.4, 107.3
  30,1.000e-05,7.991e+00,  13.1,   9.6, 191.9, 108.8,3.557e-01,  16.7,   9.5, 184.4, 104.8
  31,1.000e-05,7.485e+00,  13.0,   9.6, 187.9, 106.4,3.421e-01,  16.8,   9.6, 180.6, 102.6
  32,1.000e-05,7.348e+00,  13.0,   9.6, 184.3, 104.1,3.308e-01,  17.7,  10.9, 177.3, 101.1
  33,1.000e-05,7.002e+00,  13.1,   9.8, 180.8, 102.3,3.168e-01,  17.6,   9.7, 173.8,  98.8
  34,1.000e-05,6.798e+00,  13.0,   9.7, 177.4, 100.3,3.066e-01,  17.2,  10.0, 170.7,  97.4
  35,1.000e-05,6.557e+00,  13.3,  10.0, 174.2,  98.6,2.978e-01,  17.3,  10.4, 168.1,  96.1
  36,1.000e-05,6.278e+00,  13.3,  10.0, 171.3,  97.0,2.866e-01,  18.7,  12.2, 164.9,  94.1
  37,1.000e-05,6.084e+00,  13.2,  10.0, 168.5,  95.2,2.789e-01,  17.8,   9.8, 162.6,  92.8
  38,1.000e-05,5.949e+00,  13.2,  10.0, 165.8,  93.7,2.701e-01,  17.6,   9.9, 160.0,  91.2
  39,1.000e-05,5.707e+00,  13.0,   9.9, 163.6,  92.3,2.648e-01,  19.1,  12.5, 158.1,  90.4
  40,1.000e-05,5.563e+00,  13.4,  10.1, 161.3,  91.1,2.558e-01,  17.5,  10.3, 155.7,  88.8
  41,1.000e-05,5.397e+00,  13.0,   9.9, 159.3,  89.9,2.501e-01,  17.7,  10.1, 153.9,  87.9
  42,1.000e-05,5.348e+00,  13.1,  10.0, 157.3,  88.8,2.485e-01,  18.2,   9.4, 152.9,  87.9
  43,1.000e-05,5.169e+00,  13.8,  10.4, 155.4,  87.7,2.404e-01,  20.7,  15.0, 150.4,  85.8
  44,1.000e-05,5.132e+00,  13.3,  10.0, 153.7,  86.6,2.354e-01,  17.6,  10.2, 148.8,  85.2
  45,1.000e-05,4.968e+00,  12.9,   9.7, 152.2,  85.9,2.326e-01,  22.0,  16.1, 147.4,  84.3
  46,1.000e-05,4.863e+00,  12.9,   9.6, 150.6,  84.8,2.281e-01,  18.6,  11.2, 146.1,  83.6
  47,1.000e-05,4.748e+00,  13.0,   9.8, 149.1,  84.1,2.235e-01,  18.2,   9.5, 145.0,  83.0
  48,1.000e-05,4.771e+00,  13.0,   9.7, 148.0,  83.4,2.206e-01,  20.8,  12.5, 143.5,  82.0
  49,1.000e-05,4.605e+00,  13.0,   9.7, 146.7,  82.7,2.158e-01,  17.4,   9.5, 142.5,  81.4
  50,1.000e-05,4.497e+00,  12.7,   9.4, 145.5,  82.0,2.116e-01,  17.6,  10.6, 141.2,  80.5
  51,1.000e-05,4.399e+00,  12.8,   9.5, 144.5,  81.3,2.091e-01,  17.3,   9.0, 140.5,  80.2
  52,1.000e-05,4.316e+00,  13.0,   9.8, 143.5,  80.8,2.094e-01,  19.1,  10.0, 140.0,  80.2
  53,1.000e-05,4.397e+00,  13.5,  10.2, 142.6,  80.2,2.052e-01,  19.1,   9.7, 138.7,  79.1
  54,1.000e-05,4.281e+00,  13.1,   9.9, 141.6,  79.7,2.016e-01,  17.0,   8.8, 137.8,  78.8
  55,1.000e-05,4.213e+00,  12.8,   9.5, 140.9,  79.3,1.992e-01,  17.5,   9.3, 137.0,  78.0
  56,1.000e-05,4.186e+00,  12.4,   9.2, 140.0,  78.9,1.980e-01,  17.3,   8.7, 136.4,  77.6
  57,1.000e-05,4.166e+00,  12.2,   9.0, 139.1,  78.3,1.951e-01,  18.1,  11.2, 135.4,  77.4
  58,1.000e-05,4.136e+00,  12.3,   9.1, 138.5,  77.9,1.939e-01,  17.1,   9.7, 134.9,  77.0
  59,1.000e-05,4.051e+00,  12.7,   9.5, 137.7,  77.5,1.917e-01,  17.0,   8.8, 134.3,  76.5
  60,1.000e-05,3.961e+00,  12.3,   9.2, 137.2,  77.2,1.906e-01,  18.5,   9.2, 133.8,  76.0
  61,1.000e-05,3.989e+00,  13.0,   9.7, 136.4,  76.8,1.898e-01,  17.8,  10.2, 133.5,  76.0
  62,1.000e-05,3.886e+00,  11.9,   8.7, 135.9,  76.4,1.884e-01,  18.3,  12.3, 133.0,  76.0
  63,1.000e-05,3.863e+00,  11.9,   8.9, 135.2,  76.1,1.882e-01,  19.2,  10.6, 132.5,  75.4
  64,1.000e-05,3.873e+00,  12.2,   9.1, 134.6,  75.8,1.862e-01,  20.5,  14.8, 131.6,  74.9
  65,1.000e-05,3.793e+00,  11.7,   8.5, 134.2,  75.5,1.831e-01,  17.1,   8.6, 131.3,  74.5
  66,1.000e-05,3.820e+00,  12.2,   8.9, 133.7,  75.2,1.818e-01,  17.0,   8.3, 130.9,  74.2
  67,1.000e-05,3.799e+00,  12.3,   9.1, 133.3,  75.0,1.819e-01,  17.7,  10.4, 130.6,  74.2
  68,1.000e-05,3.731e+00,  11.6,   8.6, 132.6,  74.6,1.800e-01,  16.6,   8.6, 130.0,  73.8
  69,1.000e-05,3.697e+00,  12.0,   8.9, 132.1,  74.3,1.792e-01,  16.9,   8.2, 129.7,  73.6
  70,1.000e-05,3.658e+00,  12.2,   9.0, 131.7,  74.1,1.777e-01,  16.9,  10.2, 129.2,  73.5
  71,1.000e-05,3.598e+00,  11.1,   8.1, 131.2,  73.7,1.766e-01,  17.1,   8.5, 128.9,  73.0
  72,1.000e-05,3.695e+00,  12.2,   9.0, 131.0,  73.7,1.757e-01,  16.5,   8.9, 128.6,  73.0
  73,1.000e-05,3.621e+00,  12.1,   9.0, 130.2,  73.4,1.747e-01,  16.4,   8.3, 128.3,  72.7
  74,1.000e-05,3.558e+00,  12.0,   9.0, 129.7,  73.1,1.745e-01,  17.0,   9.7, 127.8,  72.7
  75,1.000e-05,3.541e+00,  11.4,   8.4, 129.6,  72.9,1.734e-01,  17.0,   8.0, 127.5,  72.2
  76,1.000e-05,3.600e+00,  11.4,   8.4, 129.1,  72.6,1.730e-01,  16.1,   8.6, 127.4,  72.3
  77,1.000e-05,3.504e+00,  12.0,   8.9, 128.7,  72.5,1.721e-01,  17.6,  10.8, 127.0,  72.0
  78,1.000e-05,3.482e+00,  11.4,   8.4, 128.3,  72.3,1.704e-01,  16.4,   8.4, 126.5,  71.7
  79,1.000e-05,3.534e+00,  11.4,   8.3, 128.0,  72.1,1.721e-01,  18.9,  10.5, 126.5,  72.1
  80,1.000e-05,3.507e+00,  12.2,   9.2, 127.7,  72.0,1.704e-01,  17.6,   8.1, 126.3,  71.5
  81,1.000e-05,3.386e+00,  11.5,   8.3, 126.3,  71.6,1.689e-01,  16.5,   9.2, 126.1,  71.3
  82,1.000e-05,3.467e+00,  12.1,   9.0, 127.1,  71.7,1.692e-01,  18.0,   8.5, 125.8,  71.1
  83,1.000e-05,3.443e+00,  11.7,   8.6, 126.8,  71.3,1.673e-01,  16.6,  10.0, 125.4,  70.8
  84,1.000e-05,3.388e+00,  11.3,   8.3, 126.4,  71.2,1.672e-01,  18.0,  11.8, 125.2,  70.7
  85,1.000e-05,3.341e+00,  11.8,   8.7, 126.1,  71.0,1.674e-01,  18.6,  12.8, 125.0,  70.7
  86,1.000e-05,3.388e+00,  10.8,   7.9, 126.0,  70.9,1.657e-01,  16.5,   8.0, 124.7,  70.5
  87,1.000e-05,3.375e+00,  11.4,   8.4, 125.5,  70.8,1.669e-01,  16.1,   7.4, 125.3,  71.2
  88,1.000e-05,3.344e+00,  11.6,   8.5, 125.4,  70.6,1.660e-01,  17.4,   9.1, 124.5,  70.3
  89,1.000e-05,3.325e+00,  11.3,   8.2, 125.1,  70.5,1.643e-01,  16.2,   9.3, 124.3,  70.3
  90,1.000e-05,3.299e+00,  11.0,   8.0, 124.7,  70.1,1.653e-01,  17.9,  12.3, 124.2,  70.5
  91,1.000e-05,3.259e+00,  11.4,   8.4, 124.7,  70.3,1.637e-01,  16.9,   9.4, 123.7,  70.2
  92,1.000e-05,3.272e+00,  11.4,   8.4, 124.3,  70.1,1.632e-01,  17.5,   8.1, 123.5,  69.8
  93,1.000e-05,3.284e+00,  11.1,   8.1, 124.1,  69.9,1.615e-01,  16.1,   8.5, 123.2,  69.5
  94,1.000e-05,3.283e+00,  10.8,   7.8, 123.7,  69.6,1.625e-01,  17.5,  11.6, 123.4,  69.9
  95,1.000e-05,3.284e+00,  11.5,   8.4, 123.6,  69.7,1.610e-01,  17.2,   8.2, 122.8,  69.2
  96,1.000e-05,3.259e+00,  12.1,   9.0, 123.5,  69.6,1.614e-01,  17.8,  11.4, 122.9,  69.3
  97,1.000e-05,3.243e+00,  11.1,   8.1, 123.2,  69.3,1.605e-01,  16.1,   7.7, 122.6,  69.2
  98,1.000e-05,3.206e+00,  11.7,   8.6, 123.0,  69.3,1.593e-01,  17.6,  11.8, 122.2,  68.9
  99,1.000e-05,3.245e+00,  10.8,   7.9, 122.7,  69.1,1.593e-01,  16.4,   8.9, 122.1,  68.9
 100,1.000e-05,3.113e+00,  11.1,   8.1, 122.5,  69.0,1.593e-01,  15.9,   8.0, 122.2,  69.5
 101,1.000e-05,3.176e+00,  10.8,   7.8, 122.2,  68.8,1.580e-01,  15.8,   7.8, 121.9,  68.8
 102,1.000e-05,3.237e+00,  12.1,   9.0, 122.1,  68.8,1.571e-01,  15.7,   7.1, 121.5,  68.5
 103,1.000e-05,3.201e+00,  11.2,   8.1, 121.9,  68.7,1.580e-01,  16.2,   8.7, 121.9,  68.6
 104,1.000e-05,3.190e+00,  10.9,   7.9, 121.7,  68.6,1.573e-01,  16.0,   7.7, 121.4,  68.3
 105,1.000e-05,3.140e+00,  11.4,   8.4, 121.4,  68.5,1.567e-01,  16.1,   7.8, 121.4,  68.2
 106,1.000e-05,3.033e+00,  10.9,   8.0, 119.3,  68.2,1.568e-01,  16.7,   9.3, 121.1,  68.1
 107,1.000e-05,3.162e+00,  11.0,   8.0, 121.1,  68.2,1.556e-01,  15.9,   8.0, 120.9,  68.1
 108,1.000e-05,3.133e+00,  11.0,   8.0, 121.1,  68.1,1.556e-01,  16.9,   9.9, 120.8,  68.0
 109,1.000e-05,3.032e+00,  11.1,   8.1, 120.6,  67.9,1.555e-01,  16.6,   9.5, 120.7,  67.9
 110,1.000e-05,3.125e+00,  11.6,   8.6, 120.8,  67.9,1.551e-01,  15.9,   7.7, 120.6,  68.1
 111,1.000e-05,3.088e+00,  11.6,   8.5, 120.3,  67.8,1.563e-01,  20.1,  15.0, 120.4,  67.8
 112,1.000e-05,3.097e+00,  10.7,   7.7, 120.2,  67.7,1.549e-01,  16.2,   8.4, 120.4,  67.8
 113,1.000e-05,3.009e+00,  11.5,   8.5, 120.0,  67.6,1.532e-01,  16.0,   9.7, 120.1,  67.5
 114,1.000e-05,3.056e+00,  11.5,   8.6, 120.0,  67.6,1.546e-01,  17.0,   7.9, 120.1,  67.7
 115,1.000e-05,3.031e+00,  11.5,   8.5, 119.8,  67.4,1.532e-01,  17.3,  11.2, 119.8,  67.3
 116,1.000e-05,3.026e+00,  11.0,   8.1, 119.5,  67.4,1.533e-01,  16.1,   9.3, 119.8,  67.6
 117,1.000e-05,3.076e+00,  10.6,   7.7, 119.6,  67.4,1.547e-01,  20.6,  13.3, 119.6,  67.1
 118,1.000e-05,2.985e+00,  11.5,   8.6, 119.2,  67.2,1.522e-01,  16.3,   7.2, 119.4,  67.0
 119,1.000e-05,3.059e+00,  10.6,   7.7, 119.1,  67.1,1.533e-01,  15.9,   8.0, 119.7,  67.7
 120,1.000e-05,3.019e+00,  11.2,   8.3, 119.0,  67.1,1.519e-01,  16.6,   7.6, 119.3,  66.9
 121,1.000e-05,2.985e+00,  10.9,   8.0, 119.0,  67.0,1.516e-01,  18.0,  12.5, 118.9,  66.8
 122,1.000e-05,2.944e+00,  11.0,   8.1, 118.5,  66.9,1.522e-01,  17.9,   9.4, 119.1,  66.9
 123,1.000e-05,2.944e+00,  10.6,   7.7, 118.6,  66.7,1.501e-01,  15.5,   7.9, 118.8,  66.8
 124,1.000e-05,3.003e+00,  10.8,   7.8, 118.5,  66.8,1.504e-01,  16.3,   7.2, 118.7,  66.5
 125,1.000e-05,2.966e+00,  11.4,   8.4, 118.4,  66.7,1.503e-01,  16.3,   7.5, 118.5,  66.6
 126,1.000e-05,2.894e+00,  10.8,   8.0, 118.1,  66.6,1.497e-01,  16.3,   8.9, 118.5,  66.4
 127,1.000e-05,2.929e+00,  10.6,   7.8, 117.9,  66.4,1.499e-01,  16.0,   8.5, 118.4,  66.4
 128,1.000e-05,2.972e+00,  10.5,   7.6, 118.0,  66.3,1.495e-01,  15.9,   7.1, 118.4,  66.4
 129,1.000e-05,2.967e+00,  10.9,   7.9, 117.8,  66.4,1.506e-01,  15.8,   6.9, 118.8,  67.0
 130,1.000e-05,2.947e+00,  10.6,   7.7, 117.6,  66.3,1.500e-01,  16.5,   7.4, 118.5,  66.7
 131,1.000e-05,2.953e+00,  10.9,   8.0, 117.5,  66.2,1.498e-01,  17.2,   8.7, 118.1,  66.7
 132,1.000e-05,2.943e+00,  10.8,   7.9, 117.3,  66.1,1.511e-01,  21.3,  16.8, 118.0,  66.5
 133,1.000e-05,2.931e+00,  11.8,   8.9, 117.4,  66.2,1.486e-01,  17.5,   8.7, 117.6,  66.2
 134,1.000e-05,2.945e+00,  12.0,   9.0, 117.1,  66.0,1.482e-01,  15.8,   7.0, 117.6,  66.1
 135,1.000e-05,2.867e+00,  11.3,   8.3, 116.5,  65.8,1.492e-01,  17.5,   8.3, 117.7,  66.0
 136,1.000e-05,2.906e+00,  10.5,   7.6, 117.0,  65.9,1.475e-01,  15.9,   7.0, 117.6,  65.9
 137,1.000e-05,2.859e+00,  11.1,   8.0, 116.7,  65.7,1.476e-01,  17.6,  11.6, 117.5,  65.9
 138,1.000e-05,2.859e+00,  10.6,   7.7, 116.6,  65.7,1.473e-01,  16.0,   8.6, 117.5,  66.1
 139,1.000e-05,2.838e+00,  10.4,   7.5, 116.5,  65.7,1.481e-01,  18.2,  10.0, 117.4,  65.8
 140,1.000e-05,2.847e+00,  10.9,   7.9, 116.4,  65.6,1.468e-01,  15.7,   7.5, 117.2,  65.8
 141,1.000e-05,2.865e+00,  11.0,   8.0, 116.2,  65.5,1.467e-01,  16.1,   6.9, 117.2,  65.6
 142,1.000e-05,2.902e+00,  11.5,   8.5, 116.3,  65.5,1.468e-01,  16.9,   8.2, 117.0,  65.8
 143,1.000e-05,2.913e+00,  10.8,   7.9, 116.1,  65.4,1.461e-01,  16.5,  10.0, 116.9,  65.7
 144,1.000e-05,2.874e+00,  10.2,   7.4, 116.0,  65.3,1.469e-01,  16.5,   7.1, 117.2,  65.8
 145,1.000e-05,2.828e+00,  11.1,   8.1, 115.8,  65.2,1.452e-01,  16.3,   9.0, 116.6,  65.3
 146,1.000e-05,2.809e+00,  10.4,   7.5, 115.7,  65.2,1.462e-01,  17.9,  12.3, 116.7,  65.5
 147,1.000e-05,2.784e+00,  11.0,   8.0, 115.7,  65.1,1.459e-01,  16.8,   7.9, 116.7,  65.6
 148,1.000e-05,2.829e+00,  11.0,   8.1, 115.6,  65.1,1.455e-01,  17.5,  11.8, 116.4,  65.4
 149,1.000e-05,2.822e+00,  11.4,   8.4, 115.4,  65.2,1.445e-01,  15.8,   7.5, 116.3,  65.1
 150,1.000e-05,2.795e+00,  10.8,   7.9, 115.3,  65.0,1.446e-01,  16.0,   8.2, 116.3,  65.1
 151,1.000e-05,2.750e+00,  10.4,   7.5, 115.2,  64.9,1.447e-01,  16.8,   7.6, 116.3,  65.1
 152,1.000e-05,2.802e+00,  10.6,   7.7, 115.1,  64.9,1.437e-01,  15.7,   7.2, 116.0,  64.9
 153,1.000e-05,2.811e+00,  11.0,   8.0, 115.0,  64.8,1.469e-01,  17.9,   9.2, 116.8,  65.9
 154,1.000e-05,2.859e+00,  11.2,   8.3, 115.0,  64.8,1.452e-01,  17.8,   8.9, 116.2,  65.1
 155,1.000e-05,2.739e+00,  10.4,   7.5, 115.0,  64.8,1.433e-01,  16.1,   6.9, 115.8,  64.8
 156,1.000e-05,2.795e+00,  11.3,   8.4, 114.8,  64.7,1.437e-01,  16.0,   7.8, 115.9,  64.8
 157,1.000e-05,2.823e+00,  10.8,   8.0, 114.8,  64.6,1.429e-01,  16.0,   8.1, 115.6,  64.7
 158,1.000e-05,2.777e+00,  10.6,   7.7, 114.6,  64.5,1.426e-01,  15.5,   7.2, 115.5,  64.7
 159,1.000e-05,2.792e+00,  10.8,   7.9, 114.4,  64.5,1.425e-01,  15.3,   7.7, 115.5,  64.7
 160,1.000e-05,2.755e+00,  10.9,   8.0, 114.4,  64.5,1.433e-01,  16.5,   7.3, 115.7,  64.9
 161,1.000e-05,2.774e+00,  10.6,   7.7, 114.3,  64.4,1.427e-01,  17.1,  10.5, 115.5,  64.5
 162,1.000e-05,2.784e+00,  10.8,   7.8, 114.1,  64.4,1.440e-01,  20.2,  15.6, 115.3,  64.6
 163,1.000e-05,2.757e+00,  10.5,   7.7, 114.0,  64.3,1.417e-01,  15.9,   6.9, 115.2,  64.5
 164,1.000e-05,2.790e+00,  10.5,   7.7, 114.0,  64.2,1.420e-01,  15.7,   8.4, 115.3,  64.6
 165,1.000e-05,2.708e+00,  10.9,   8.0, 113.8,  64.2,1.445e-01,  19.0,  13.7, 115.7,  65.1
 166,1.000e-05,2.746e+00,  10.9,   8.0, 113.7,  64.1,1.418e-01,  16.8,  10.9, 115.1,  64.6
 167,1.000e-05,2.729e+00,  10.5,   7.7, 113.7,  64.1,1.420e-01,  15.6,   7.3, 115.2,  64.6
 168,1.000e-05,2.707e+00,  10.4,   7.6, 113.6,  64.0,1.423e-01,  17.2,  11.5, 115.1,  64.7
 169,1.000e-05,2.665e+00,  10.9,   8.1, 113.6,  64.0,1.410e-01,  15.6,   8.3, 114.9,  64.2
 170,1.000e-05,2.742e+00,  10.3,   7.5, 113.6,  64.0,1.415e-01,  16.2,   9.3, 115.0,  64.5
 171,1.000e-05,2.707e+00,  10.3,   7.4, 113.4,  63.9,1.408e-01,  16.0,   7.3, 114.7,  64.3
 172,1.000e-05,2.642e+00,  10.6,   7.7, 113.3,  63.8,1.419e-01,  16.6,   7.8, 114.9,  64.8
 173,1.000e-05,2.726e+00,  10.9,   8.0, 113.2,  63.8,1.417e-01,  16.1,   6.8, 114.9,  64.7
 174,1.000e-05,2.747e+00,  10.3,   7.4, 113.2,  63.8,1.397e-01,  15.2,   7.1, 114.4,  64.1
 175,1.000e-05,2.734e+00,  10.8,   7.9, 113.3,  63.8,1.405e-01,  16.5,   7.2, 114.5,  64.1
 176,1.000e-05,2.736e+00,  11.1,   8.3, 113.2,  63.8,1.398e-01,  15.5,   7.0, 114.2,  64.0
 177,1.000e-05,2.678e+00,  10.7,   7.8, 112.8,  63.7,1.395e-01,  15.5,   6.9, 114.1,  64.0
 178,1.000e-05,2.701e+00,  10.8,   7.9, 112.9,  63.6,1.396e-01,  15.9,   6.8, 114.2,  63.8
 179,1.000e-05,2.685e+00,  10.4,   7.5, 112.8,  63.6,1.399e-01,  15.6,   8.8, 114.3,  64.4
 180,1.000e-05,2.767e+00,  10.4,   7.5, 112.7,  63.6,1.396e-01,  16.2,   6.8, 114.0,  64.0
 181,1.000e-05,2.678e+00,  10.5,   7.7, 112.5,  63.4,1.398e-01,  15.9,   7.3, 114.1,  64.0
 182,1.000e-05,2.688e+00,  10.4,   7.5, 112.5,  63.4,1.395e-01,  16.8,   7.4, 113.9,  63.6
 183,1.000e-05,2.665e+00,  10.4,   7.5, 112.7,  63.4,1.400e-01,  18.8,  13.4, 113.9,  63.7
 184,1.000e-05,2.733e+00,  11.9,   9.0, 112.3,  63.3,1.398e-01,  16.6,   7.1, 114.1,  63.7
 185,1.000e-05,2.661e+00,  10.8,   7.9, 112.4,  63.3,1.391e-01,  16.8,   7.4, 113.7,  63.6
 186,1.000e-05,2.680e+00,  10.9,   8.0, 112.4,  63.4,1.380e-01,  16.0,   6.8, 113.5,  63.4
 187,1.000e-05,2.675e+00,  10.7,   7.8, 112.2,  63.3,1.380e-01,  15.4,   7.7, 113.6,  63.6
 188,1.000e-05,2.642e+00,  10.5,   7.5, 112.2,  63.2,1.390e-01,  17.0,   7.8, 113.6,  63.6
 189,1.000e-05,2.675e+00,  10.9,   8.1, 112.0,  63.1,1.384e-01,  16.7,  10.3, 113.5,  63.5
 190,1.000e-05,2.661e+00,  10.2,   7.3, 111.7,  63.0,1.371e-01,  15.5,   6.6, 113.2,  63.4
 191,1.000e-05,2.632e+00,  10.4,   7.6, 112.0,  63.1,1.381e-01,  16.6,   9.8, 113.5,  63.3
 192,1.000e-05,2.655e+00,  10.7,   7.9, 111.9,  63.0,1.382e-01,  16.0,   6.8, 113.4,  63.6
 193,1.000e-05,2.695e+00,  10.2,   7.4, 111.8,  63.0,1.378e-01,  16.8,   7.4, 113.2,  63.3
 194,1.000e-05,2.610e+00,  10.9,   8.0, 111.8,  63.1,1.383e-01,  16.2,   6.9, 113.6,  63.5
 195,1.000e-05,2.611e+00,  10.1,   7.4, 111.5,  62.9,1.383e-01,  16.6,   7.2, 113.4,  63.7
 196,1.000e-05,2.684e+00,  10.5,   7.6, 111.5,  62.8,1.387e-01,  17.3,   8.4, 113.4,  63.5
 197,1.000e-05,2.581e+00,  10.3,   7.4, 111.6,  62.9,1.368e-01,  15.5,   7.6, 113.0,  63.2
 198,1.000e-05,2.560e+00,  10.3,   7.4, 111.4,  62.9,1.380e-01,  16.4,   7.2, 113.3,  63.7
 199,1.000e-05,2.644e+00,  10.5,   7.7, 111.4,  62.8,1.366e-01,  16.6,  10.4, 112.8,  63.0
 200,1.000e-05,2.587e+00,  10.8,   7.9, 111.2,  62.8,1.384e-01,  17.1,  10.8, 113.5,  63.6
 201,1.000e-05,2.650e+00,  10.2,   7.4, 111.1,  62.7,1.363e-01,  15.5,   7.1, 112.9,  63.1
 202,1.000e-05,2.591e+00,  10.1,   7.3, 111.3,  62.6,1.364e-01,  15.7,   6.9, 112.9,  63.2
 203,1.000e-05,2.621e+00,  10.4,   7.5, 111.2,  62.8,1.374e-01,  16.6,   7.1, 113.0,  63.3
 204,1.000e-05,2.615e+00,  11.3,   8.4, 111.2,  62.7,1.366e-01,  16.7,   7.6, 112.7,  63.0
 205,1.000e-05,2.618e+00,  10.3,   7.4, 111.0,  62.5,1.359e-01,  15.9,   8.9, 112.6,  62.9
 206,1.000e-05,2.565e+00,  10.5,   7.6, 110.8,  62.5,1.373e-01,  16.4,   7.0, 113.1,  63.2
 207,1.000e-05,2.575e+00,  10.1,   7.3, 110.8,  62.5,1.370e-01,  16.6,   9.2, 113.0,  63.1
 208,1.000e-05,2.586e+00,  10.7,   7.8, 110.6,  62.5,1.351e-01,  15.4,   7.9, 112.4,  62.9
 209,1.000e-05,2.582e+00,  11.1,   8.3, 110.8,  62.5,1.364e-01,  16.1,   7.6, 112.7,  62.9
 210,1.000e-05,2.600e+00,  10.3,   7.5, 110.6,  62.4,1.365e-01,  17.1,  10.3, 112.6,  63.0
 211,1.000e-05,2.566e+00,  10.6,   7.8, 110.6,  62.4,1.378e-01,  19.7,  14.8, 112.6,  63.2
 212,1.000e-05,2.625e+00,  10.6,   7.7, 110.6,  62.4,1.371e-01,  17.7,   8.8, 112.7,  62.9
 213,1.000e-05,2.604e+00,  10.8,   7.9, 110.5,  62.4,1.355e-01,  15.2,   6.8, 112.6,  63.0
 214,1.000e-05,2.548e+00,  10.2,   7.4, 110.5,  62.3,1.360e-01,  15.9,   8.6, 112.6,  62.9
 215,1.000e-05,2.579e+00,  10.5,   7.7, 110.3,  62.3,1.353e-01,  15.8,   6.9, 112.4,  62.7
 216,1.000e-05,2.562e+00,  10.3,   7.4, 110.2,  62.2,1.357e-01,  15.3,   6.5, 112.6,  63.2
 217,1.000e-05,2.546e+00,  10.5,   7.7, 110.3,  62.2,1.350e-01,  15.9,   8.5, 112.2,  63.0
 218,1.000e-05,2.584e+00,  10.5,   7.7, 110.1,  62.1,1.360e-01,  16.5,   7.1, 112.3,  62.8
 219,1.000e-05,2.560e+00,   9.9,   7.2, 110.2,  62.2,1.349e-01,  15.7,   6.9, 112.2,  62.6
 220,1.000e-05,2.598e+00,  10.8,   7.9, 110.1,  62.1,1.354e-01,  16.8,  10.1, 112.2,  62.8
 221,1.000e-05,2.552e+00,  11.1,   8.2, 110.1,  62.1,1.351e-01,  16.9,   8.1, 112.0,  62.7
 222,1.000e-05,2.535e+00,  10.3,   7.5, 109.8,  62.1,1.354e-01,  17.2,   8.0, 112.1,  62.7
 223,1.000e-05,2.569e+00,  11.2,   8.2, 110.0,  62.1,1.347e-01,  15.9,   7.8, 112.1,  62.5
 224,1.000e-05,2.524e+00,  11.2,   8.2, 110.0,  62.0,1.340e-01,  15.6,   7.6, 111.9,  62.4
 225,1.000e-05,2.518e+00,  10.3,   7.5, 109.8,  61.9,1.341e-01,  16.2,   9.4, 111.8,  62.4
 226,1.000e-05,2.526e+00,  10.6,   7.8, 109.8,  61.9,1.343e-01,  15.7,   6.9, 112.0,  62.6
 227,1.000e-05,2.536e+00,  11.3,   8.4, 109.9,  62.0,1.378e-01,  17.3,  11.2, 113.0,  63.8
 228,1.000e-05,2.640e+00,  10.1,   7.3, 109.6,  61.9,1.344e-01,  16.9,   8.4, 111.7,  62.6
 229,1.000e-05,2.541e+00,  10.2,   7.5, 109.7,  61.8,1.334e-01,  15.4,   7.9, 111.6,  62.7
 230,1.000e-05,2.475e+00,   9.8,   7.0, 109.5,  61.8,1.336e-01,  16.1,   8.5, 111.6,  62.3
 231,1.000e-05,2.507e+00,  10.3,   7.4, 109.5,  61.8,1.334e-01,  15.7,   7.6, 111.6,  62.4
 232,1.000e-05,2.554e+00,  10.6,   7.7, 109.3,  61.8,1.339e-01,  16.8,  10.4, 111.6,  62.3
 233,1.000e-05,2.510e+00,  10.3,   7.4, 109.4,  61.7,1.363e-01,  17.6,  10.7, 112.3,  63.0
 234,1.000e-05,2.503e+00,  10.2,   7.5, 109.5,  61.7,1.349e-01,  18.0,   9.1, 111.7,  62.3
 235,1.000e-05,2.510e+00,  10.3,   7.5, 109.5,  61.7,1.325e-01,  15.4,   7.3, 111.3,  62.2
 236,1.000e-05,2.548e+00,  10.3,   7.4, 109.2,  61.7,1.352e-01,  16.9,   7.4, 111.9,  62.6
 237,1.000e-05,2.586e+00,  10.6,   7.7, 109.2,  61.7,1.328e-01,  15.6,   7.0, 111.3,  62.1
 238,1.000e-05,2.534e+00,  10.0,   7.2, 109.4,  61.7,1.328e-01,  15.5,   7.5, 111.4,  62.1
 239,1.000e-05,2.508e+00,  10.0,   7.2, 109.0,  61.6,1.328e-01,  16.3,   6.8, 111.2,  62.1
 240,1.000e-05,2.525e+00,  10.6,   7.8, 109.2,  61.6,1.325e-01,  16.3,   9.3, 111.1,  62.0
 241,1.000e-05,2.528e+00,  10.1,   7.3, 109.1,  61.6,1.332e-01,  16.1,   8.9, 111.5,  62.3
 242,1.000e-05,2.474e+00,  10.4,   7.7, 109.0,  61.5,1.325e-01,  15.5,   7.3, 111.3,  62.1
 243,1.000e-05,2.528e+00,  10.7,   7.9, 109.0,  61.6,1.329e-01,  15.9,   8.3, 111.3,  62.3
 244,1.000e-05,2.503e+00,  10.6,   7.8, 108.8,  61.5,1.336e-01,  17.5,  11.6, 111.3,  62.4
 245,1.000e-05,2.528e+00,  10.8,   8.0, 108.9,  61.5,1.321e-01,  15.5,   7.0, 111.1,  62.0
 246,1.000e-05,2.485e+00,  10.0,   7.2, 108.8,  61.4,1.327e-01,  15.9,   7.7, 111.2,  62.0
 247,1.000e-05,2.530e+00,  10.1,   7.3, 108.8,  61.5,1.316e-01,  15.6,   6.8, 110.8,  61.8
 248,1.000e-05,2.493e+00,  10.1,   7.2, 108.5,  61.3,1.322e-01,  15.7,   6.5, 111.0,  62.3
 249,1.000e-05,2.463e+00,  10.3,   7.5, 108.5,  61.3,1.320e-01,  15.2,   6.7, 111.0,  61.9
 250,1.000e-05,2.490e+00,  10.7,   7.7, 108.7,  61.4,1.316e-01,  15.6,   6.7, 110.9,  61.8
 251,1.000e-05,2.513e+00,  11.1,   8.2, 108.7,  61.4,1.316e-01,  15.5,   8.3, 110.8,  62.0
 252,1.000e-05,2.489e+00,  10.6,   7.8, 108.6,  61.4,1.323e-01,  16.0,   6.9, 111.1,  61.8
 253,1.000e-05,2.499e+00,  10.3,   7.5, 108.5,  61.2,1.327e-01,  16.3,   7.2, 111.0,  62.4
 254,1.000e-05,2.465e+00,  10.3,   7.5, 108.4,  61.2,1.325e-01,  15.3,   7.5, 111.1,  62.3
 255,5.000e-06,2.467e+00,   9.5,   6.7, 108.2,  61.1,1.325e-01,  17.3,   8.2, 110.8,  61.8
 256,5.000e-06,2.475e+00,   9.6,   6.9, 108.2,  61.0,1.317e-01,  16.7,   9.8, 110.7,  61.7
 257,5.000e-06,2.407e+00,  10.0,   7.2, 108.1,  61.0,1.316e-01,  16.5,   9.6, 110.7,  61.7
 258,5.000e-06,2.460e+00,   9.6,   6.9, 108.1,  61.0,1.307e-01,  15.4,   7.7, 110.5,  61.6
 259,5.000e-06,2.452e+00,   9.8,   7.2, 107.9,  61.0,1.325e-01,  16.5,   6.9, 111.0,  61.9
 260,5.000e-06,2.430e+00,   9.7,   6.9, 108.0,  60.9,1.313e-01,  15.7,   7.2, 110.7,  61.6
 261,5.000e-06,2.449e+00,   9.6,   6.8, 108.0,  60.9,1.312e-01,  16.0,   6.6, 110.6,  61.7
 262,5.000e-06,2.446e+00,   9.7,   7.0, 108.0,  60.9,1.314e-01,  15.8,   6.5, 110.7,  61.6
 263,5.000e-06,2.447e+00,  10.1,   7.3, 108.0,  61.0,1.310e-01,  15.9,   8.4, 110.6,  61.7
 264,5.000e-06,2.416e+00,   9.8,   7.1, 107.9,  60.9,1.314e-01,  16.8,   7.6, 110.6,  61.6
 265,5.000e-06,2.427e+00,   9.5,   6.8, 108.0,  60.9,1.315e-01,  16.1,   8.9, 110.7,  61.7
 266,5.000e-06,2.432e+00,   9.7,   6.9, 108.0,  61.0,1.313e-01,  16.1,   6.6, 110.6,  61.6
 267,5.000e-06,2.471e+00,   9.4,   6.7, 108.0,  60.9,1.309e-01,  15.8,   6.4, 110.5,  61.6
 268,5.000e-06,2.459e+00,   9.7,   6.9, 108.0,  60.9,1.309e-01,  15.7,   7.0, 110.6,  61.6
 269,5.000e-06,2.438e+00,  10.0,   7.3, 108.1,  60.9,1.305e-01,  15.4,   6.9, 110.4,  61.6
 270,5.000e-06,2.445e+00,   9.5,   6.8, 107.8,  60.8,1.310e-01,  15.8,   6.9, 110.5,  61.6
 271,5.000e-06,2.442e+00,   9.6,   6.8, 107.7,  60.8,1.315e-01,  17.2,  10.9, 110.4,  61.6
 272,5.000e-06,2.438e+00,   9.6,   6.9, 107.7,  60.8,1.310e-01,  16.1,   8.3, 110.5,  61.5
 273,5.000e-06,2.429e+00,   9.7,   7.0, 107.8,  60.8,1.306e-01,  15.8,   6.5, 110.4,  61.5
 274,5.000e-06,2.433e+00,   9.5,   6.8, 107.8,  60.8,1.315e-01,  16.5,   7.0, 110.5,  61.7
 275,5.000e-06,2.407e+00,   9.6,   7.0, 107.6,  60.7,1.311e-01,  16.8,  10.4, 110.4,  61.5
 276,5.000e-06,2.434e+00,  10.1,   7.4, 107.8,  60.8,1.313e-01,  16.4,   7.2, 110.6,  61.7
 277,5.000e-06,2.457e+00,   9.6,   6.9, 107.7,  60.7,1.302e-01,  15.2,   7.7, 110.3,  61.8
 278,5.000e-06,2.443e+00,   9.8,   7.1, 107.7,  60.8,1.313e-01,  16.5,   7.1, 110.5,  61.6
 279,5.000e-06,2.480e+00,   9.9,   7.1, 107.6,  60.7,1.301e-01,  15.6,   6.5, 110.2,  61.4
 280,5.000e-06,2.408e+00,  10.3,   7.5, 107.6,  60.8,1.301e-01,  16.0,   9.2, 110.2,  61.5
 281,5.000e-06,2.436e+00,   9.9,   7.1, 107.6,  60.7,1.302e-01,  16.4,  10.0, 110.2,  61.4
 282,5.000e-06,2.394e+00,   9.7,   6.9, 107.5,  60.7,1.305e-01,  16.4,   9.8, 110.3,  61.5
 283,5.000e-06,2.441e+00,   9.7,   7.0, 107.6,  60.7,1.310e-01,  15.9,   9.0, 110.5,  61.9
 284,5.000e-06,2.436e+00,   9.6,   6.9, 107.4,  60.6,1.303e-01,  15.6,   8.1, 110.3,  61.4
 285,5.000e-06,2.461e+00,   9.8,   7.1, 107.5,  60.7,1.332e-01,  20.0,  12.9, 110.6,  61.8
 286,5.000e-06,2.481e+00,   9.5,   6.8, 107.4,  60.6,1.302e-01,  15.5,   7.0, 110.2,  61.5
 287,5.000e-06,2.407e+00,   9.4,   6.7, 107.4,  60.6,1.297e-01,  15.5,   7.1, 110.0,  61.3
 288,5.000e-06,2.384e+00,   9.8,   7.1, 107.3,  60.6,1.297e-01,  15.6,   8.0, 110.0,  61.5
 289,5.000e-06,2.403e+00,   9.7,   6.9, 107.3,  60.6,1.301e-01,  15.8,   6.4, 110.2,  61.3
 290,5.000e-06,2.422e+00,   9.7,   6.9, 107.4,  60.6,1.307e-01,  17.2,   8.1, 110.1,  61.3
 291,5.000e-06,2.432e+00,   9.6,   7.0, 107.4,  60.6,1.298e-01,  15.7,   7.3, 110.1,  61.3
 292,5.000e-06,2.456e+00,   9.6,   6.8, 107.4,  60.5,1.299e-01,  15.9,   6.6, 110.1,  61.3
 293,5.000e-06,2.397e+00,   9.4,   6.7, 107.3,  60.5,1.296e-01,  15.6,   7.7, 110.0,  61.3
 294,5.000e-06,2.395e+00,   9.8,   7.0, 107.2,  60.5,1.302e-01,  15.8,   6.9, 110.2,  61.3
 295,5.000e-06,2.461e+00,   9.5,   6.8, 107.1,  60.5,1.300e-01,  15.6,   6.6, 110.1,  61.3
 296,5.000e-06,2.417e+00,   9.5,   6.7, 107.2,  60.5,1.297e-01,  15.7,   7.9, 110.0,  61.2
 297,5.000e-06,2.442e+00,   9.7,   6.9, 107.2,  60.5,1.305e-01,  17.0,   7.4, 110.0,  61.4
 298,5.000e-06,2.434e+00,   9.5,   6.8, 107.2,  60.5,1.301e-01,  16.1,   8.0, 110.1,  61.3
 299,5.000e-06,2.465e+00,   9.9,   7.1, 107.3,  60.5,1.300e-01,  15.9,   8.6, 110.1,  61.4
 300,5.000e-06,2.412e+00,   9.4,   6.7, 107.2,  60.5,1.293e-01,  15.4,   6.9, 109.8,  61.4
 301,5.000e-06,2.392e+00,   9.5,   6.7, 107.1,  60.4,1.300e-01,  15.8,   6.5, 110.1,  61.3
 302,5.000e-06,2.380e+00,   9.9,   7.2, 107.1,  60.4,1.293e-01,  15.4,   7.2, 109.9,  61.2
 303,5.000e-06,2.409e+00,   9.4,   6.6, 107.1,  60.4,1.296e-01,  16.0,   8.8, 109.9,  61.4
 304,5.000e-06,2.415e+00,   9.6,   6.8, 107.0,  60.3,1.292e-01,  15.4,   7.2, 109.8,  61.2
 305,5.000e-06,2.398e+00,   9.6,   6.9, 107.0,  60.5,1.300e-01,  16.4,   6.7, 110.0,  61.3
 306,5.000e-06,2.416e+00,   9.5,   6.8, 107.0,  60.4,1.293e-01,  15.5,   7.2, 109.8,  61.2
 307,5.000e-06,2.424e+00,   9.7,   6.9, 107.0,  60.4,1.294e-01,  15.7,   7.5, 109.9,  61.2
 308,5.000e-06,2.403e+00,   9.6,   6.9, 106.9,  60.4,1.299e-01,  16.8,   7.4, 109.8,  61.2
 309,5.000e-06,2.368e+00,   9.7,   7.0, 106.9,  60.4,1.304e-01,  17.2,   8.7, 109.9,  61.4
 310,5.000e-06,2.403e+00,   9.7,   7.0, 106.8,  60.3,1.298e-01,  17.6,  11.7, 109.8,  61.2
 311,5.000e-06,2.386e+00,   9.4,   6.6, 107.0,  60.4,1.297e-01,  16.5,   7.5, 109.8,  61.3
 312,5.000e-06,2.395e+00,   9.6,   6.9, 106.9,  60.3,1.293e-01,  15.3,   6.7, 109.9,  61.5
 313,5.000e-06,2.379e+00,  10.2,   7.5, 106.9,  60.4,1.294e-01,  15.8,   6.5, 109.8,  61.2
 314,5.000e-06,2.368e+00,   9.5,   6.8, 106.8,  60.3,1.291e-01,  16.1,   9.0, 109.7,  61.1
 315,5.000e-06,2.426e+00,   9.5,   6.8, 106.8,  60.3,1.289e-01,  15.8,   8.1, 109.7,  61.1
 316,5.000e-06,2.411e+00,   9.3,   6.6, 106.8,  60.3,1.297e-01,  16.5,   7.1, 109.8,  61.4
 317,5.000e-06,2.375e+00,   9.8,   7.0, 106.7,  60.3,1.299e-01,  16.0,   6.5, 109.9,  61.4
 318,5.000e-06,2.388e+00,   9.3,   6.6, 106.8,  60.3,1.289e-01,  15.5,   6.8, 109.7,  61.1
 319,5.000e-06,2.392e+00,   9.6,   6.9, 106.7,  60.2,1.292e-01,  15.7,   6.6, 109.8,  61.1
 320,5.000e-06,2.402e+00,   9.5,   6.7, 106.7,  60.2,1.288e-01,  15.6,   6.5, 109.6,  61.1
 321,5.000e-06,2.406e+00,   9.4,   6.6, 106.7,  60.3,1.302e-01,  18.6,  13.1, 109.7,  61.1
 322,5.000e-06,2.382e+00,   9.7,   6.9, 106.7,  60.2,1.290e-01,  15.6,   6.5, 109.6,  61.1
 323,5.000e-06,2.400e+00,   9.6,   6.9, 106.5,  60.1,1.287e-01,  16.3,   9.8, 109.4,  61.1
 324,5.000e-06,2.393e+00,   9.5,   6.7, 106.6,  60.2,1.299e-01,  16.9,   7.4, 109.8,  61.2
 325,5.000e-06,2.408e+00,  10.2,   7.4, 106.7,  60.2,1.284e-01,  15.6,   6.7, 109.4,  61.0
 326,5.000e-06,2.342e+00,   9.4,   6.7, 106.5,  60.1,1.289e-01,  15.8,   8.0, 109.6,  61.1
 327,5.000e-06,2.400e+00,   9.5,   6.8, 106.5,  60.1,1.299e-01,  17.5,   8.7, 109.6,  61.2
 328,5.000e-06,2.387e+00,   9.7,   6.9, 106.4,  60.2,1.289e-01,  17.0,  10.6, 109.4,  61.0
 329,5.000e-06,2.324e+00,   9.9,   7.2, 106.5,  60.1,1.281e-01,  15.5,   7.9, 109.4,  60.9
 330,5.000e-06,2.359e+00,   9.5,   6.7, 106.4,  60.1,1.289e-01,  15.7,   6.7, 109.6,  61.1
 331,5.000e-06,2.451e+00,   9.5,   6.8, 106.4,  60.1,1.285e-01,  15.8,   6.5, 109.5,  60.9
 332,5.000e-06,2.394e+00,   9.6,   6.9, 106.6,  60.2,1.290e-01,  15.7,   6.6, 109.7,  61.1
 333,5.000e-06,2.382e+00,   9.4,   6.8, 106.6,  60.1,1.283e-01,  15.7,   7.2, 109.4,  60.9
 334,5.000e-06,2.383e+00,   9.5,   6.7, 106.4,  60.2,1.284e-01,  16.0,   6.6, 109.4,  60.9
 335,5.000e-06,2.405e+00,   9.6,   6.9, 106.4,  60.0,1.300e-01,  16.6,   6.9, 109.8,  61.6
 336,5.000e-06,2.388e+00,   9.4,   6.7, 106.4,  60.1,1.280e-01,  15.7,   8.0, 109.3,  60.9
 337,5.000e-06,2.389e+00,   9.3,   6.6, 106.3,  60.1,1.282e-01,  15.7,   7.3, 109.3,  61.0
 338,5.000e-06,2.426e+00,   9.8,   7.0, 106.4,  60.1,1.283e-01,  15.6,   7.1, 109.4,  61.0
 339,5.000e-06,2.368e+00,   9.7,   6.9, 106.4,  60.1,1.277e-01,  15.3,   7.2, 109.2,  61.0
 340,5.000e-06,2.402e+00,   9.3,   6.6, 106.3,  60.0,1.286e-01,  15.8,   7.5, 109.5,  61.0
 341,5.000e-06,2.321e+00,   9.5,   6.7, 106.2,  60.0,1.282e-01,  15.6,   6.9, 109.4,  60.9
 342,5.000e-06,2.393e+00,   9.5,   6.8, 106.3,  60.0,1.281e-01,  16.1,   8.8, 109.3,  60.8
 343,5.000e-06,2.379e+00,   9.3,   6.6, 106.2,  60.0,1.284e-01,  16.0,   6.5, 109.4,  60.8
 344,5.000e-06,2.390e+00,   9.9,   7.2, 106.2,  60.0,1.278e-01,  15.5,   6.8, 109.2,  60.8
 345,5.000e-06,2.358e+00,   9.3,   6.6, 106.2,  60.0,1.285e-01,  16.0,   6.4, 109.4,  60.9
 346,5.000e-06,2.394e+00,   9.4,   6.7, 106.2,  60.0,1.282e-01,  16.4,   6.8, 109.2,  60.8
 347,5.000e-06,2.337e+00,   9.6,   6.9, 106.1,  60.0,1.287e-01,  16.3,   6.6, 109.5,  60.9
 348,5.000e-06,2.366e+00,   9.8,   7.0, 106.2,  59.9,1.280e-01,  15.7,   6.6, 109.3,  60.8
 349,5.000e-06,2.369e+00,   9.5,   6.7, 106.1,  59.9,1.281e-01,  15.8,   6.5, 109.3,  60.9
 350,5.000e-06,2.374e+00,   9.4,   6.6, 106.2,  59.9,1.278e-01,  15.7,   6.6, 109.2,  60.7
 351,5.000e-06,2.400e+00,   9.9,   7.1, 106.2,  60.0,1.280e-01,  16.4,   9.4, 109.2,  60.7
 352,5.000e-06,2.361e+00,   9.4,   6.7, 106.1,  59.9,1.277e-01,  15.5,   7.5, 109.2,  60.8
 353,5.000e-06,2.327e+00,   9.6,   6.9, 105.9,  59.9,1.283e-01,  16.0,   6.9, 109.3,  60.8
 354,5.000e-06,2.367e+00,   9.3,   6.5, 106.1,  59.8,1.278e-01,  15.9,   6.6, 109.1,  60.7
 355,5.000e-06,2.354e+00,   9.3,   6.7, 106.0,  59.8,1.278e-01,  16.1,   8.9, 109.1,  60.8
 356,5.000e-06,2.369e+00,   9.4,   6.6, 106.0,  59.9,1.276e-01,  15.6,   6.8, 109.2,  60.7
 357,5.000e-06,2.362e+00,   9.4,   6.7, 106.0,  59.8,1.270e-01,  15.5,   7.8, 108.9,  60.7
 358,5.000e-06,2.395e+00,   9.3,   6.6, 106.0,  59.8,1.278e-01,  15.7,   6.7, 109.1,  60.8
 359,5.000e-06,2.418e+00,   9.6,   6.8, 106.0,  59.8,1.275e-01,  15.5,   7.2, 109.0,  60.9
 360,5.000e-06,2.380e+00,   9.4,   6.7, 105.9,  59.9,1.278e-01,  15.7,   6.4, 109.2,  60.7
 361,5.000e-06,2.392e+00,   9.6,   6.9, 105.9,  59.8,1.279e-01,  15.7,   6.3, 109.2,  61.0
 362,5.000e-06,2.368e+00,   9.6,   6.9, 105.7,  59.8,1.285e-01,  16.3,   6.7, 109.4,  61.0
 363,5.000e-06,2.352e+00,   9.6,   6.9, 106.0,  59.8,1.281e-01,  16.3,   9.2, 109.2,  61.0
 364,5.000e-06,2.378e+00,   9.4,   6.7, 105.9,  59.8,1.276e-01,  15.9,   6.5, 109.1,  60.7
 365,5.000e-06,2.377e+00,   9.2,   6.5, 105.8,  59.7,1.277e-01,  16.0,   6.3, 109.1,  60.8
 366,5.000e-06,2.390e+00,   9.5,   6.7, 105.8,  59.7,1.276e-01,  16.0,   6.3, 109.0,  60.7
 367,5.000e-06,2.338e+00,   9.4,   6.7, 105.7,  59.7,1.274e-01,  16.2,   9.0, 109.0,  60.6
 368,5.000e-06,2.371e+00,   9.9,   7.1, 105.8,  59.8,1.275e-01,  15.7,   7.9, 109.1,  60.6
 369,5.000e-06,2.390e+00,   9.4,   6.6, 105.7,  59.8,1.276e-01,  15.6,   6.5, 109.1,  60.9
 370,5.000e-06,2.325e+00,   9.2,   6.4, 105.7,  59.7,1.270e-01,  15.5,   7.3, 108.9,  60.6
 371,5.000e-06,2.406e+00,   9.4,   6.7, 105.8,  59.8,1.275e-01,  16.2,   6.6, 109.0,  60.6
 372,5.000e-06,2.368e+00,   9.6,   6.8, 105.6,  59.7,1.276e-01,  15.9,   6.5, 109.0,  60.7
 373,5.000e-06,2.350e+00,   9.6,   6.8, 105.6,  59.7,1.281e-01,  17.1,   8.5, 108.9,  60.8
 374,5.000e-06,2.331e+00,   9.5,   6.8, 105.7,  59.8,1.284e-01,  17.2,  11.0, 109.1,  61.2
 375,5.000e-06,2.367e+00,   9.7,   6.9, 105.6,  59.7,1.277e-01,  16.0,   6.9, 109.1,  60.7
 376,5.000e-06,2.369e+00,   9.6,   6.9, 105.7,  59.7,1.272e-01,  15.7,   7.1, 108.9,  60.6
 377,5.000e-06,2.377e+00,   9.3,   6.6, 105.5,  59.6,1.277e-01,  15.7,   6.5, 109.1,  60.7
 378,5.000e-06,2.401e+00,   9.3,   6.6, 105.6,  59.6,1.274e-01,  16.0,   6.5, 108.9,  60.8
 379,5.000e-06,2.313e+00,   9.5,   6.7, 105.4,  59.6,1.269e-01,  15.6,   7.8, 108.8,  60.7
 380,5.000e-06,2.358e+00,   9.5,   6.8, 105.6,  59.6,1.267e-01,  15.4,   6.3, 108.8,  60.6
 381,5.000e-06,2.370e+00,   9.3,   6.6, 105.4,  59.5,1.273e-01,  16.1,   6.7, 108.8,  60.6
 382,5.000e-06,2.368e+00,  10.0,   7.2, 105.6,  59.7,1.271e-01,  15.8,   6.3, 108.9,  60.6
 383,5.000e-06,2.322e+00,   9.2,   6.5, 105.4,  59.5,1.274e-01,  16.5,   6.9, 108.8,  60.7
 384,5.000e-06,2.345e+00,   9.7,   7.0, 105.5,  59.6,1.271e-01,  15.9,   7.8, 108.8,  60.5
 385,5.000e-06,2.346e+00,   9.5,   6.7, 105.5,  59.6,1.266e-01,  15.6,   6.5, 108.7,  60.4
 386,5.000e-06,2.336e+00,   9.8,   7.0, 105.5,  59.6,1.266e-01,  15.8,   6.4, 108.7,  60.5
 387,5.000e-06,2.353e+00,   9.4,   6.7, 105.5,  59.5,1.269e-01,  15.7,   6.4, 108.8,  60.6
 388,5.000e-06,2.343e+00,   9.5,   6.7, 105.4,  59.6,1.271e-01,  15.9,   6.5, 108.8,  60.7
 389,5.000e-06,2.327e+00,   9.4,   6.8, 105.3,  59.6,1.265e-01,  15.5,   7.6, 108.7,  60.5
 390,5.000e-06,2.359e+00,   9.6,   6.8, 105.4,  59.5,1.272e-01,  16.5,   7.1, 108.8,  60.5
 391,5.000e-06,2.311e+00,   9.8,   7.0, 105.4,  59.5,1.280e-01,  17.8,   9.1, 108.9,  60.6
 392,5.000e-06,2.323e+00,   9.3,   6.6, 105.3,  59.5,1.277e-01,  16.3,   6.7, 109.0,  60.7
 393,5.000e-06,2.252e+00,   9.4,   6.7, 105.2,  59.5,1.268e-01,  15.4,   6.7, 108.8,  60.8
 394,5.000e-06,2.378e+00,   9.4,   6.6, 105.3,  59.5,1.265e-01,  15.5,   6.7, 108.7,  60.4
 395,5.000e-06,2.335e+00,   9.3,   6.6, 105.3,  59.5,1.267e-01,  15.5,   7.3, 108.8,  60.5
 396,5.000e-06,2.359e+00,   9.4,   6.7, 105.3,  59.5,1.267e-01,  15.9,   8.0, 108.7,  60.6
 397,5.000e-06,2.343e+00,   9.6,   6.8, 105.1,  59.4,1.261e-01,  15.3,   7.7, 108.6,  60.5
 398,5.000e-06,2.359e+00,   9.4,   6.7, 105.3,  59.5,1.269e-01,  16.2,   6.8, 108.7,  60.5
 399,5.000e-06,2.311e+00,   9.6,   6.9, 105.3,  59.5,1.267e-01,  15.5,   6.7, 108.8,  60.5
 400,5.000e-06,2.313e+00,   9.3,   6.6, 105.2,  59.4,1.269e-01,  16.3,   9.3, 108.7,  60.6
 401,5.000e-06,2.299e+00,   9.7,   6.9, 104.8,  59.4,1.266e-01,  15.7,   7.7, 108.7,  60.4
 402,5.000e-06,2.380e+00,   9.6,   6.8, 105.1,  59.5,1.261e-01,  15.6,   7.7, 108.5,  60.4
 403,5.000e-06,2.348e+00,   9.4,   6.7, 105.2,  59.4,1.266e-01,  15.7,   7.7, 108.7,  60.4
 404,5.000e-06,2.334e+00,   9.7,   6.9, 105.1,  59.4,1.263e-01,  15.8,   8.2, 108.6,  60.4
 405,5.000e-06,2.315e+00,   9.1,   6.4, 105.1,  59.4,1.264e-01,  15.5,   7.7, 108.6,  60.4
 406,5.000e-06,2.299e+00,   9.4,   6.7, 105.1,  59.4,1.265e-01,  16.5,  10.0, 108.6,  60.4
 407,5.000e-06,2.338e+00,   9.4,   6.7, 105.0,  59.4,1.262e-01,  15.6,   8.1, 108.5,  60.4
 408,5.000e-06,2.289e+00,   9.2,   6.6, 104.9,  59.4,1.260e-01,  15.5,   7.5, 108.5,  60.3
 409,5.000e-06,2.314e+00,   9.5,   6.7, 105.1,  59.3,1.260e-01,  15.4,   6.8, 108.5,  60.5
 410,5.000e-06,2.360e+00,   9.2,   6.5, 105.0,  59.3,1.260e-01,  15.6,   6.7, 108.5,  60.3
 411,5.000e-06,2.293e+00,   9.3,   6.6, 105.0,  59.3,1.281e-01,  18.1,   9.9, 108.7,  60.8
 412,5.000e-06,2.327e+00,   9.9,   7.2, 104.9,  59.4,1.266e-01,  16.9,  10.6, 108.6,  60.4
 413,5.000e-06,2.345e+00,  10.1,   7.2, 104.9,  59.4,1.264e-01,  15.9,   7.0, 108.5,  60.4
 414,5.000e-06,2.293e+00,  10.0,   7.2, 104.9,  59.3,1.259e-01,  15.7,   6.8, 108.4,  60.3
 415,5.000e-06,2.367e+00,   9.4,   6.6, 105.0,  59.3,1.261e-01,  15.5,   6.6, 108.5,  60.4
 416,5.000e-06,2.315e+00,   9.5,   6.7, 104.9,  59.3,1.256e-01,  15.5,   7.6, 108.4,  60.3
 417,5.000e-06,2.323e+00,   9.5,   6.8, 104.9,  59.3,1.267e-01,  15.9,   6.4, 108.7,  60.5
 418,5.000e-06,2.273e+00,   9.1,   6.4, 105.0,  59.3,1.277e-01,  17.1,   7.4, 108.8,  60.9
 419,5.000e-06,2.319e+00,   9.9,   7.2, 104.9,  59.3,1.256e-01,  15.7,   6.4, 108.3,  60.2
 420,5.000e-06,2.281e+00,   9.4,   6.7, 104.9,  59.3,1.269e-01,  16.8,  10.3, 108.7,  60.4
 421,5.000e-06,2.299e+00,   9.3,   6.6, 104.9,  59.2,1.263e-01,  15.7,   6.9, 108.6,  60.4
 422,5.000e-06,2.331e+00,   9.6,   6.8, 104.8,  59.3,1.256e-01,  15.6,   6.2, 108.3,  60.3
 423,5.000e-06,2.290e+00,   9.7,   7.0, 104.9,  59.2,1.260e-01,  15.9,   6.3, 108.4,  60.3
 424,5.000e-06,2.352e+00,   9.5,   6.8, 104.9,  59.3,1.257e-01,  15.7,   7.3, 108.3,  60.3
 425,5.000e-06,2.270e+00,   9.3,   6.6, 104.7,  59.2,1.261e-01,  15.7,   6.7, 108.5,  60.4
 426,5.000e-06,2.303e+00,   9.1,   6.4, 104.8,  59.3,1.261e-01,  15.6,   7.7, 108.5,  60.3
 427,5.000e-06,2.346e+00,   9.9,   7.0, 104.8,  59.3,1.257e-01,  15.8,   8.7, 108.3,  60.3
 428,5.000e-06,2.309e+00,   9.4,   6.7, 104.7,  59.2,1.266e-01,  17.3,   8.1, 108.4,  60.3
 429,5.000e-06,2.319e+00,   9.5,   6.8, 104.7,  59.2,1.256e-01,  15.9,   6.3, 108.3,  60.3
 430,5.000e-06,2.287e+00,   9.5,   6.8, 104.6,  59.1,1.258e-01,  16.2,   9.3, 108.3,  60.3
 431,5.000e-06,2.320e+00,   9.5,   6.8, 104.7,  59.2,1.267e-01,  16.7,   7.3, 108.5,  60.4
 432,5.000e-06,2.323e+00,   9.5,   6.8, 104.7,  59.2,1.256e-01,  15.4,   6.4, 108.3,  60.3
 433,5.000e-06,2.342e+00,   9.4,   6.7, 104.7,  59.2,1.255e-01,  15.5,   7.1, 108.3,  60.3
 434,5.000e-06,2.277e+00,   9.6,   6.8, 104.7,  59.1,1.260e-01,  15.6,   6.5, 108.5,  60.3
 435,5.000e-06,2.275e+00,   9.4,   6.7, 104.6,  59.2,1.258e-01,  15.7,   6.7, 108.4,  60.2
 436,5.000e-06,2.271e+00,   9.4,   6.7, 104.5,  59.1,1.253e-01,  15.6,   7.9, 108.3,  60.1
 437,5.000e-06,2.303e+00,   9.6,   6.9, 104.5,  59.1,1.258e-01,  16.1,   6.7, 108.3,  60.3
 438,5.000e-06,2.316e+00,   9.8,   6.9, 104.6,  59.1,1.257e-01,  15.7,   7.2, 108.3,  60.2
 439,5.000e-06,2.305e+00,   9.5,   6.8, 104.5,  59.2,1.258e-01,  15.7,   6.6, 108.3,  60.4
 440,5.000e-06,2.343e+00,   9.7,   6.9, 104.6,  59.2,1.259e-01,  16.0,   6.5, 108.3,  60.3
 441,5.000e-06,2.278e+00,   9.6,   6.9, 104.5,  59.1,1.257e-01,  15.7,   7.3, 108.3,  60.2
 442,5.000e-06,2.296e+00,   9.3,   6.6, 104.5,  59.1,1.259e-01,  16.1,   6.6, 108.3,  60.3
 443,5.000e-06,2.282e+00,   9.3,   6.6, 104.5,  59.1,1.261e-01,  16.5,   9.9, 108.3,  60.3
 444,5.000e-06,2.320e+00,   9.7,   7.1, 104.5,  59.1,1.263e-01,  17.0,   8.0, 108.3,  60.2
 445,5.000e-06,2.353e+00,   9.6,   6.9, 104.4,  59.0,1.268e-01,  17.3,   8.5, 108.4,  60.4
 446,5.000e-06,2.312e+00,   9.2,   6.5, 104.5,  59.1,1.253e-01,  15.6,   6.6, 108.2,  60.1
 447,5.000e-06,2.314e+00,   9.3,   6.6, 104.4,  59.0,1.251e-01,  15.7,   7.6, 108.1,  60.1
 448,5.000e-06,2.326e+00,   9.6,   6.9, 104.5,  59.0,1.257e-01,  16.8,  10.6, 108.2,  60.2
 449,5.000e-06,2.275e+00,   9.3,   6.6, 104.3,  59.0,1.253e-01,  15.7,   7.0, 108.2,  60.0
 450,5.000e-06,2.314e+00,   9.3,   6.6, 104.3,  59.0,1.252e-01,  16.2,   9.1, 108.0,  60.1
 451,5.000e-06,2.305e+00,   9.3,   6.7, 104.4,  59.1,1.253e-01,  16.0,   6.3, 108.1,  60.1
 452,5.000e-06,2.300e+00,   9.3,   6.7, 104.4,  59.0,1.273e-01,  18.7,  10.7, 108.4,  60.4
 453,5.000e-06,2.276e+00,   9.9,   7.1, 104.4,  59.1,1.255e-01,  15.8,   7.5, 108.2,  60.1
 454,5.000e-06,2.266e+00,   9.2,   6.5, 104.3,  59.0,1.254e-01,  16.3,   6.7, 108.1,  60.1
 455,5.000e-06,2.313e+00,   9.2,   6.5, 104.4,  59.0,1.258e-01,  16.3,   6.7, 108.2,  60.1
 456,5.000e-06,2.289e+00,   9.3,   6.6, 104.3,  58.9,1.258e-01,  15.9,   7.2, 108.3,  60.1
 457,5.000e-06,2.301e+00,   9.5,   6.8, 104.3,  59.0,1.253e-01,  15.5,   6.8, 108.2,  60.1
 458,5.000e-06,2.289e+00,   9.4,   6.7, 104.3,  59.0,1.252e-01,  16.1,   8.8, 108.1,  60.2
 459,5.000e-06,2.310e+00,   9.2,   6.6, 104.3,  59.0,1.250e-01,  15.8,   6.3, 108.0,  60.0
 460,5.000e-06,2.298e+00,   9.3,   6.6, 104.3,  59.0,1.265e-01,  17.5,   8.4, 108.2,  60.4
 461,5.000e-06,2.305e+00,   9.9,   7.2, 104.2,  58.9,1.253e-01,  16.1,   6.7, 108.0,  60.2
 462,5.000e-06,2.264e+00,   9.4,   6.8, 104.3,  59.0,1.250e-01,  15.6,   6.5, 108.1,  60.1
 463,5.000e-06,2.263e+00,   9.2,   6.6, 104.2,  58.9,1.253e-01,  16.6,  10.0, 108.0,  60.1
 464,5.000e-06,2.272e+00,   9.2,   6.5, 104.2,  58.9,1.254e-01,  16.5,   7.1, 108.0,  60.1
 465,5.000e-06,2.227e+00,   9.6,   6.8, 104.2,  59.0,1.254e-01,  16.3,   6.6, 108.1,  60.1
 466,5.000e-06,2.314e+00,   9.3,   6.6, 104.3,  58.9,1.248e-01,  15.6,   8.0, 108.0,  60.0
 467,5.000e-06,2.287e+00,   9.7,   7.0, 104.2,  58.9,1.248e-01,  15.5,   7.4, 108.0,  60.0
 468,5.000e-06,2.293e+00,   9.6,   6.9, 104.0,  58.8,1.250e-01,  16.0,   9.2, 108.0,  60.1
 469,5.000e-06,2.258e+00,   9.4,   6.7, 104.0,  58.9,1.258e-01,  16.0,   7.6, 108.3,  60.2
 470,5.000e-06,2.273e+00,   9.6,   7.0, 104.0,  58.9,1.247e-01,  15.5,   6.4, 108.0,  60.0
 471,5.000e-06,2.261e+00,   9.5,   6.8, 104.0,  58.9,1.251e-01,  17.0,  10.9, 107.9,  60.1
 472,5.000e-06,2.304e+00,   9.6,   6.9, 104.0,  58.9,1.246e-01,  15.5,   7.4, 107.9,  60.0
 473,5.000e-06,2.242e+00,   9.4,   6.7, 104.0,  58.8,1.245e-01,  15.6,   7.2, 107.8,  60.0
 474,5.000e-06,2.294e+00,   9.4,   6.7, 103.9,  58.8,1.245e-01,  15.3,   7.8, 107.9,  60.1
 475,5.000e-06,2.279e+00,   9.3,   6.7, 103.9,  58.8,1.244e-01,  15.6,   6.9, 107.8,  59.9
 476,5.000e-06,2.242e+00,   9.2,   6.5, 103.9,  58.7,1.252e-01,  16.7,   7.4, 107.9,  60.0
 477,5.000e-06,2.286e+00,   9.4,   6.7, 104.0,  58.8,1.247e-01,  15.7,   7.5, 107.9,  60.0
 478,5.000e-06,2.284e+00,   9.7,   7.0, 104.0,  58.8,1.245e-01,  15.8,   6.3, 107.8,  59.9
 479,5.000e-06,2.267e+00,   9.3,   6.6, 104.0,  58.8,1.251e-01,  15.9,   6.6, 108.1,  60.0
 480,5.000e-06,2.243e+00,   9.2,   6.5, 104.0,  58.8,1.246e-01,  15.6,   6.8, 107.9,  59.9
 481,5.000e-06,2.286e+00,   9.2,   6.5, 104.0,  58.8,1.248e-01,  15.7,   6.9, 108.0,  59.9
 482,5.000e-06,2.320e+00,   9.2,   6.5, 104.0,  58.8,1.246e-01,  15.6,   7.0, 107.8,  60.0
 483,5.000e-06,2.284e+00,   9.2,   6.5, 104.0,  58.8,1.245e-01,  15.9,   6.3, 107.8,  59.9
 484,5.000e-06,2.265e+00,   9.3,   6.6, 103.9,  58.9,1.259e-01,  16.9,   7.2, 108.2,  60.1
 485,5.000e-06,2.301e+00,   9.5,   6.8, 103.9,  58.8,1.251e-01,  16.2,   6.6, 108.0,  60.0
 486,5.000e-06,2.281e+00,   9.4,   6.7, 103.8,  58.8,1.245e-01,  15.6,   6.6, 107.9,  59.9
 487,5.000e-06,2.275e+00,   9.3,   6.6, 103.8,  58.7,1.245e-01,  15.6,   7.4, 107.9,  59.9
 488,5.000e-06,2.264e+00,   9.4,   6.7, 103.8,  58.8,1.251e-01,  16.3,   6.7, 107.9,  60.0
 489,5.000e-06,2.274e+00,   9.5,   6.8, 103.8,  58.7,1.245e-01,  15.7,   7.5, 107.8,  59.9
 490,5.000e-06,2.247e+00,   9.1,   6.4, 103.9,  58.8,1.246e-01,  15.9,   6.4, 107.9,  59.9
 491,5.000e-06,2.222e+00,   9.6,   6.9, 103.7,  58.7,1.246e-01,  15.7,   6.2, 107.9,  60.0
 492,5.000e-06,2.261e+00,   9.8,   7.1, 103.8,  58.6,1.252e-01,  16.9,   8.1, 107.9,  60.1
 493,5.000e-06,2.269e+00,   9.5,   6.8, 103.8,  58.8,1.243e-01,  15.7,   6.5, 107.8,  59.8
 494,5.000e-06,2.279e+00,   9.5,   6.8, 103.7,  58.7,1.247e-01,  15.8,   6.4, 107.9,  59.8
 495,5.000e-06,2.312e+00,  10.0,   7.2, 103.9,  58.7,1.247e-01,  15.8,   7.3, 107.9,  59.9
 496,5.000e-06,2.266e+00,   9.1,   6.4, 103.7,  58.7,1.248e-01,  15.8,   7.4, 107.9,  59.9
 497,5.000e-06,2.262e+00,   9.3,   6.6, 103.7,  58.7,1.244e-01,  15.5,   6.6, 107.9,  60.0
 498,5.000e-06,2.230e+00,   9.2,   6.5, 103.8,  58.7,1.249e-01,  17.2,  11.2, 107.8,  60.0
 499,5.000e-06,2.237e+00,   9.8,   7.1, 103.7,  58.7,1.242e-01,  15.7,   8.1, 107.7,  59.8
 500,5.000e-06,2.250e+00,   9.5,   6.8, 103.6,  58.6,1.246e-01,  16.3,   9.4, 107.8,  59.8
 501,5.000e-06,2.238e+00,   9.2,   6.5, 103.6,  58.6,1.244e-01,  15.6,   7.1, 107.9,  60.0
 502,5.000e-06,2.222e+00,   9.2,   6.5, 103.6,  58.6,1.253e-01,  16.5,   7.0, 108.0,  60.1
 503,5.000e-06,2.240e+00,   9.2,   6.6, 103.6,  58.6,1.247e-01,  15.7,   6.2, 107.9,  60.3
 504,5.000e-06,2.274e+00,   9.3,   6.5, 103.7,  58.6,1.243e-01,  15.8,   7.5, 107.7,  59.8
 505,2.500e-06,2.244e+00,   9.0,   6.4, 103.5,  58.5,1.245e-01,  16.0,   6.4, 107.8,  59.9
 506,2.500e-06,2.259e+00,   9.0,   6.4, 103.4,  58.5,1.240e-01,  15.7,   6.3, 107.6,  59.7
 507,2.500e-06,2.264e+00,   8.8,   6.2, 103.5,  58.5,1.244e-01,  15.9,   6.4, 107.7,  60.0
 508,2.500e-06,2.276e+00,   8.9,   6.2, 103.4,  58.5,1.241e-01,  15.6,   6.8, 107.7,  59.9
 509,2.500e-06,2.257e+00,   8.9,   6.3, 103.5,  58.5,1.240e-01,  15.9,   6.3, 107.6,  59.7
 510,2.500e-06,2.271e+00,   9.0,   6.3, 103.3,  58.5,1.239e-01,  15.6,   7.0, 107.6,  59.7
 511,2.500e-06,2.287e+00,   8.9,   6.2, 103.4,  58.5,1.240e-01,  15.6,   6.5, 107.7,  59.7
 512,2.500e-06,2.232e+00,   9.0,   6.3, 103.3,  58.4,1.240e-01,  15.7,   7.6, 107.7,  59.8
 513,2.500e-06,2.255e+00,   9.0,   6.4, 103.4,  58.5,1.243e-01,  16.2,   8.9, 107.7,  59.8
 514,2.500e-06,2.252e+00,   8.9,   6.2, 103.5,  58.5,1.239e-01,  15.7,   6.4, 107.6,  59.7
 515,2.500e-06,2.216e+00,   9.1,   6.5, 103.4,  58.5,1.238e-01,  15.5,   6.4, 107.6,  59.7
 516,2.500e-06,2.228e+00,   8.8,   6.2, 103.3,  58.5,1.240e-01,  15.8,   6.5, 107.6,  59.7
 517,2.500e-06,2.213e+00,   9.1,   6.5, 103.4,  58.5,1.240e-01,  15.6,   6.6, 107.6,  59.8
 518,2.500e-06,2.260e+00,   9.1,   6.5, 103.3,  58.4,1.240e-01,  15.6,   6.5, 107.7,  59.7
 519,2.500e-06,2.275e+00,   8.9,   6.3, 103.5,  58.5,1.239e-01,  15.5,   7.1, 107.6,  59.7
 520,2.500e-06,2.244e+00,   9.1,   6.4, 103.4,  58.4,1.240e-01,  15.5,   6.6, 107.7,  59.7
 521,2.500e-06,2.264e+00,   9.1,   6.4, 103.3,  58.5,1.242e-01,  16.5,   9.8, 107.6,  59.8
 522,2.500e-06,2.233e+00,   8.9,   6.2, 103.2,  58.4,1.241e-01,  15.8,   6.4, 107.6,  59.8
 523,2.500e-06,2.222e+00,   8.9,   6.2, 103.4,  58.5,1.237e-01,  15.6,   7.3, 107.5,  59.7
 524,2.500e-06,2.260e+00,   8.9,   6.2, 103.3,  58.4,1.237e-01,  15.5,   7.5, 107.5,  59.7
 525,2.500e-06,2.241e+00,   8.9,   6.3, 103.3,  58.5,1.237e-01,  15.6,   6.5, 107.5,  59.7
 526,2.500e-06,2.253e+00,   8.8,   6.2, 103.2,  58.4,1.240e-01,  15.8,   7.5, 107.6,  59.7
 527,2.500e-06,2.275e+00,   9.0,   6.4, 103.3,  58.3,1.241e-01,  15.9,   6.6, 107.6,  59.7
 528,2.500e-06,2.330e+00,   8.9,   6.3, 103.3,  58.4,1.237e-01,  15.6,   6.9, 107.5,  59.7
 529,2.500e-06,2.236e+00,   9.0,   6.4, 103.4,  58.5,1.238e-01,  15.5,   7.0, 107.6,  59.7
 530,2.500e-06,2.234e+00,   8.9,   6.3, 103.2,  58.4,1.240e-01,  15.6,   6.6, 107.6,  59.9
 531,2.500e-06,2.199e+00,   8.9,   6.3, 103.2,  58.4,1.238e-01,  15.6,   6.4, 107.5,  59.7
 532,2.500e-06,2.265e+00,   9.0,   6.3, 103.4,  58.4,1.237e-01,  15.6,   7.3, 107.5,  59.7
 533,2.500e-06,2.262e+00,   9.1,   6.5, 103.3,  58.4,1.237e-01,  15.7,   7.2, 107.5,  59.7
 534,2.500e-06,2.267e+00,   9.0,   6.3, 103.2,  58.4,1.237e-01,  15.7,   7.1, 107.5,  59.6
 535,2.500e-06,2.221e+00,   8.9,   6.3, 103.2,  58.4,1.242e-01,  16.0,   6.6, 107.7,  59.7
 536,2.500e-06,2.261e+00,   9.0,   6.3, 103.3,  58.4,1.238e-01,  15.7,   7.8, 107.6,  59.7
 537,2.500e-06,2.270e+00,   9.0,   6.4, 103.2,  58.4,1.238e-01,  15.7,   6.7, 107.5,  59.7
 538,2.500e-06,2.270e+00,   9.0,   6.3, 103.1,  58.3,1.235e-01,  15.5,   7.5, 107.5,  59.6
 539,2.500e-06,2.243e+00,   8.9,   6.3, 103.2,  58.3,1.236e-01,  15.7,   8.2, 107.5,  59.7
 540,2.500e-06,2.236e+00,   9.2,   6.5, 103.2,  58.5,1.241e-01,  15.7,   6.3, 107.6,  59.8
 541,2.500e-06,2.225e+00,   8.9,   6.2, 103.1,  58.3,1.237e-01,  15.6,   6.6, 107.5,  59.8
 542,2.500e-06,2.230e+00,   9.0,   6.3, 103.2,  58.4,1.238e-01,  15.7,   7.0, 107.6,  59.6
 543,2.500e-06,2.255e+00,   8.9,   6.3, 103.2,  58.4,1.236e-01,  15.4,   7.0, 107.5,  59.7
 544,2.500e-06,2.242e+00,   9.0,   6.3, 103.2,  58.4,1.240e-01,  15.6,   6.9, 107.7,  59.7
 545,2.500e-06,2.229e+00,   8.8,   6.3, 103.2,  58.4,1.235e-01,  15.6,   6.7, 107.5,  59.7
 546,2.500e-06,2.264e+00,   8.8,   6.2, 103.2,  58.3,1.237e-01,  15.8,   7.2, 107.5,  59.6
 547,2.500e-06,2.252e+00,   9.0,   6.4, 103.2,  58.4,1.234e-01,  15.5,   6.7, 107.4,  59.7
 548,2.500e-06,2.223e+00,   8.8,   6.2, 103.2,  58.3,1.233e-01,  15.5,   6.9, 107.4,  59.6
 549,2.500e-06,2.225e+00,   8.9,   6.2, 103.0,  58.3,1.237e-01,  15.6,   6.3, 107.5,  59.7
 550,2.500e-06,2.239e+00,   9.0,   6.4, 103.2,  58.3,1.243e-01,  16.5,   7.0, 107.6,  59.8
 551,2.500e-06,2.245e+00,   9.0,   6.4, 103.1,  58.3,1.238e-01,  15.8,   6.4, 107.5,  59.7
 552,2.500e-06,2.200e+00,   8.9,   6.3, 103.1,  58.3,1.238e-01,  16.7,   9.8, 107.4,  59.6
 553,2.500e-06,2.219e+00,   8.9,   6.3, 103.0,  58.3,1.237e-01,  15.6,   6.7, 107.5,  59.7
 554,2.500e-06,2.187e+00,   8.9,   6.3, 103.0,  58.4,1.236e-01,  15.6,   6.5, 107.5,  59.6
 555,2.500e-06,2.241e+00,   9.1,   6.4, 103.1,  58.4,1.237e-01,  15.9,   6.3, 107.5,  59.6
 556,2.500e-06,2.236e+00,   9.0,   6.3, 103.1,  58.4,1.234e-01,  15.7,   8.0, 107.4,  59.6
 557,2.500e-06,2.225e+00,   9.0,   6.3, 103.1,  58.3,1.233e-01,  15.5,   7.4, 107.4,  59.6
 558,2.500e-06,2.214e+00,   8.9,   6.2, 103.0,  58.3,1.234e-01,  15.6,   6.7, 107.5,  59.6
 559,2.500e-06,2.243e+00,   9.0,   6.3, 103.1,  58.3,1.235e-01,  15.9,   6.3, 107.4,  59.5
 560,2.500e-06,2.167e+00,   8.9,   6.3, 103.1,  58.3,1.234e-01,  15.7,   6.5, 107.4,  59.6
 561,2.500e-06,2.204e+00,   8.9,   6.3, 103.1,  58.3,1.240e-01,  16.2,   6.6, 107.6,  59.7
 562,2.500e-06,2.247e+00,   8.9,   6.2, 103.0,  58.3,1.237e-01,  16.0,   6.4, 107.5,  59.6
 563,2.500e-06,2.249e+00,   8.9,   6.3, 102.9,  58.3,1.236e-01,  15.6,   7.9, 107.5,  59.7
 564,2.500e-06,2.202e+00,   8.9,   6.3, 103.0,  58.3,1.233e-01,  15.6,   7.6, 107.4,  59.5
 565,2.500e-06,2.276e+00,   9.0,   6.4, 103.1,  58.3,1.236e-01,  16.0,   8.3, 107.5,  59.7
 566,2.500e-06,2.226e+00,   8.9,   6.3, 102.9,  58.2,1.237e-01,  15.8,   7.2, 107.5,  59.6
 567,2.500e-06,2.226e+00,   8.9,   6.3, 103.0,  58.3,1.239e-01,  16.2,   6.5, 107.6,  59.6
 568,2.500e-06,2.218e+00,   9.0,   6.3, 102.9,  58.3,1.239e-01,  15.8,   7.6, 107.6,  59.6
 569,2.500e-06,2.254e+00,   9.0,   6.3, 103.0,  58.2,1.235e-01,  15.5,   6.8, 107.5,  59.6
 570,2.500e-06,2.216e+00,   8.9,   6.3, 103.0,  58.3,1.233e-01,  15.6,   7.7, 107.4,  59.6
 571,2.500e-06,2.240e+00,   9.1,   6.4, 103.0,  58.3,1.233e-01,  15.8,   7.4, 107.4,  59.5
 572,2.500e-06,2.201e+00,   9.0,   6.4, 102.9,  58.3,1.234e-01,  15.6,   7.4, 107.4,  59.6
 573,2.500e-06,2.250e+00,   8.9,   6.3, 103.0,  58.3,1.235e-01,  15.6,   7.2, 107.5,  59.6
 574,2.500e-06,2.196e+00,   9.0,   6.3, 103.0,  58.2,1.232e-01,  15.7,   7.5, 107.4,  59.5
 575,2.500e-06,2.230e+00,   9.0,   6.3, 103.0,  58.2,1.232e-01,  15.6,   6.5, 107.3,  59.5
 576,2.500e-06,2.217e+00,   9.0,   6.3, 103.0,  58.2,1.234e-01,  15.8,   8.1, 107.4,  59.6
 577,2.500e-06,2.278e+00,   9.0,   6.3, 102.9,  58.3,1.235e-01,  15.8,   8.3, 107.4,  59.6
 578,2.500e-06,2.247e+00,   9.0,   6.3, 103.0,  58.3,1.235e-01,  15.7,   7.6, 107.4,  59.6
 579,2.500e-06,2.208e+00,   8.9,   6.3, 103.1,  58.3,1.230e-01,  15.4,   6.9, 107.3,  59.5
 580,2.500e-06,2.268e+00,   9.1,   6.4, 103.0,  58.3,1.231e-01,  15.7,   7.7, 107.3,  59.5
 581,2.500e-06,2.206e+00,   8.9,   6.3, 102.8,  58.2,1.235e-01,  16.0,   6.3, 107.4,  59.6
 582,2.500e-06,2.165e+00,   9.1,   6.4, 102.9,  58.2,1.234e-01,  16.0,   6.3, 107.4,  59.6
 583,2.500e-06,2.241e+00,   8.9,   6.2, 102.9,  58.2,1.232e-01,  15.6,   6.5, 107.3,  59.5
 584,2.500e-06,2.270e+00,   8.8,   6.1, 102.9,  58.2,1.238e-01,  15.9,   6.5, 107.6,  59.7
 585,2.500e-06,2.233e+00,   9.3,   6.6, 102.9,  58.2,1.235e-01,  16.5,   9.6, 107.4,  59.5
 586,2.500e-06,2.186e+00,   9.4,   6.7, 103.0,  58.3,1.234e-01,  16.3,   6.7, 107.3,  59.5
 587,2.500e-06,2.210e+00,   9.1,   6.4, 102.8,  58.2,1.234e-01,  15.9,   6.3, 107.4,  59.6
 588,2.500e-06,2.240e+00,   9.0,   6.4, 102.8,  58.1,1.234e-01,  15.6,   6.9, 107.4,  59.5
 589,2.500e-06,2.187e+00,   9.1,   6.5, 102.8,  58.1,1.240e-01,  16.6,   7.2, 107.4,  59.7
 590,2.500e-06,2.217e+00,   8.9,   6.3, 102.9,  58.2,1.230e-01,  15.5,   6.8, 107.3,  59.5
 591,2.500e-06,2.221e+00,   9.1,   6.4, 102.9,  58.2,1.233e-01,  15.6,   6.7, 107.4,  59.5
 592,2.500e-06,2.214e+00,   9.1,   6.4, 102.7,  58.2,1.233e-01,  15.6,   6.8, 107.4,  59.6
 593,2.500e-06,2.204e+00,   8.8,   6.2, 102.6,  58.2,1.231e-01,  15.7,   7.5, 107.3,  59.6
 594,2.500e-06,2.202e+00,   8.9,   6.3, 102.9,  58.2,1.232e-01,  15.7,   6.5, 107.4,  59.5
 595,2.500e-06,2.243e+00,   8.9,   6.2, 102.8,  58.2,1.233e-01,  15.7,   6.9, 107.3,  59.5
 596,2.500e-06,2.189e+00,   8.8,   6.2, 102.8,  58.2,1.233e-01,  15.6,   6.6, 107.4,  59.5
 597,2.500e-06,2.220e+00,   8.8,   6.2, 102.7,  58.2,1.233e-01,  15.7,   7.0, 107.4,  59.6
 598,2.500e-06,2.237e+00,   8.9,   6.2, 102.7,  58.2,1.230e-01,  15.6,   6.2, 107.3,  59.5
 599,2.500e-06,2.218e+00,   8.8,   6.2, 102.8,  58.2,1.229e-01,  15.5,   7.1, 107.2,  59.5
 600,2.500e-06,2.226e+00,   9.0,   6.4, 102.8,  58.2,1.228e-01,  15.5,   6.7, 107.2,  59.5
 601,2.500e-06,2.230e+00,   9.0,   6.3, 102.8,  58.2,1.240e-01,  16.0,   6.7, 107.6,  59.7
 602,2.500e-06,2.221e+00,   8.9,   6.3, 102.7,  58.1,1.232e-01,  15.6,   7.7, 107.3,  59.5
 603,2.500e-06,2.199e+00,   9.0,   6.3, 102.7,  58.1,1.237e-01,  16.5,   6.9, 107.4,  59.6
 604,2.500e-06,2.270e+00,   8.9,   6.3, 102.8,  58.2,1.235e-01,  16.0,   6.3, 107.4,  59.6
 605,2.500e-06,2.261e+00,   9.0,   6.3, 102.8,  58.2,1.228e-01,  15.7,   7.6, 107.1,  59.4
 606,2.500e-06,2.255e+00,   9.1,   6.4, 102.7,  58.1,1.227e-01,  15.4,   6.9, 107.1,  59.5
 607,2.500e-06,2.208e+00,   8.9,   6.3, 102.7,  58.1,1.229e-01,  15.7,   6.2, 107.2,  59.5
 608,2.500e-06,2.204e+00,   8.9,   6.3, 102.8,  58.2,1.230e-01,  15.7,   6.5, 107.2,  59.4
 609,2.500e-06,2.230e+00,   8.9,   6.2, 102.7,  58.1,1.227e-01,  15.6,   7.8, 107.2,  59.5
 610,2.500e-06,2.210e+00,   8.9,   6.3, 102.7,  58.2,1.235e-01,  16.4,   6.7, 107.3,  59.5
 611,2.500e-06,2.206e+00,   9.1,   6.4, 102.7,  58.2,1.228e-01,  15.7,   7.5, 107.2,  59.5
 612,2.500e-06,2.172e+00,   8.8,   6.2, 102.6,  58.1,1.230e-01,  15.6,   7.2, 107.2,  59.4
 613,2.500e-06,2.208e+00,   8.8,   6.2, 102.7,  58.1,1.233e-01,  15.7,   6.4, 107.3,  59.5
 614,2.500e-06,2.186e+00,   8.9,   6.2, 102.8,  58.2,1.229e-01,  15.7,   7.9, 107.2,  59.5
 615,2.500e-06,2.217e+00,   9.1,   6.4, 102.7,  58.1,1.236e-01,  16.7,   7.3, 107.3,  59.5
 616,2.500e-06,2.260e+00,   8.9,   6.4, 102.6,  58.1,1.230e-01,  15.8,   6.3, 107.2,  59.5
 617,2.500e-06,2.235e+00,   8.9,   6.2, 102.7,  58.1,1.230e-01,  15.8,   6.4, 107.2,  59.4
 618,2.500e-06,2.236e+00,   9.0,   6.4, 102.7,  58.1,1.227e-01,  15.5,   6.7, 107.2,  59.4
 619,2.500e-06,2.202e+00,   8.7,   6.1, 102.6,  58.1,1.229e-01,  15.8,   7.7, 107.2,  59.4
 620,2.500e-06,2.194e+00,   8.9,   6.3, 102.5,  58.1,1.232e-01,  16.2,   6.4, 107.2,  59.6
 621,2.500e-06,2.251e+00,   9.2,   6.5, 102.6,  58.1,1.227e-01,  15.6,   7.0, 107.1,  59.4
 622,2.500e-06,2.201e+00,   9.0,   6.3, 102.7,  58.0,1.227e-01,  15.6,   6.7, 107.1,  59.4
 623,2.500e-06,2.210e+00,   8.9,   6.2, 102.6,  58.1,1.228e-01,  15.6,   7.5, 107.2,  59.4
 624,2.500e-06,2.186e+00,   9.0,   6.3, 102.5,  58.1,1.231e-01,  15.6,   6.9, 107.3,  59.5
 625,2.500e-06,2.202e+00,   8.9,   6.3, 102.5,  58.1,1.234e-01,  15.8,   6.5, 107.3,  59.8
 626,2.500e-06,2.186e+00,   8.9,   6.3, 102.5,  58.1,1.233e-01,  15.9,   6.3, 107.3,  59.4
 627,2.500e-06,2.197e+00,   8.9,   6.2, 102.5,  58.1,1.228e-01,  15.6,   7.0, 107.2,  59.4
 628,2.500e-06,2.219e+00,   9.0,   6.3, 102.6,  58.1,1.229e-01,  15.6,   6.7, 107.2,  59.4
 629,2.500e-06,2.178e+00,   9.0,   6.4, 102.5,  58.1,1.226e-01,  15.5,   7.0, 107.2,  59.4
 630,2.500e-06,2.221e+00,   8.9,   6.2, 102.5,  58.1,1.234e-01,  16.3,   6.6, 107.3,  59.4
 631,2.500e-06,2.189e+00,   9.0,   6.3, 102.6,  58.0,1.231e-01,  16.0,   6.3, 107.2,  59.4
 632,2.500e-06,2.228e+00,   9.0,   6.4, 102.5,  58.0,1.228e-01,  15.6,   7.1, 107.2,  59.3
 633,2.500e-06,2.189e+00,   8.9,   6.2, 102.6,  58.1,1.228e-01,  15.7,   6.2, 107.2,  59.4
 634,2.500e-06,2.239e+00,   8.9,   6.3, 102.5,  58.1,1.229e-01,  15.6,   6.9, 107.2,  59.4
 635,2.500e-06,2.210e+00,   8.9,   6.3, 102.6,  58.1,1.227e-01,  15.6,   6.3, 107.2,  59.4
 636,2.500e-06,2.202e+00,   8.8,   6.1, 102.6,  58.0,1.228e-01,  15.7,   7.0, 107.2,  59.4
 637,2.500e-06,2.206e+00,   8.9,   6.2, 102.6,  58.0,1.225e-01,  15.5,   7.0, 107.1,  59.4
 638,2.500e-06,2.232e+00,   8.8,   6.2, 102.5,  58.0,1.225e-01,  15.6,   6.8, 107.1,  59.4
 639,2.500e-06,2.215e+00,   8.9,   6.3, 102.5,  58.0,1.228e-01,  15.7,   6.5, 107.2,  59.4
 640,2.500e-06,2.185e+00,   9.5,   6.8, 102.5,  58.1,1.229e-01,  15.7,   6.9, 107.2,  59.4
 641,2.500e-06,2.208e+00,   8.9,   6.3, 102.4,  58.0,1.227e-01,  15.7,   6.3, 107.1,  59.4
 642,2.500e-06,2.250e+00,   9.0,   6.4, 102.6,  57.9,1.228e-01,  15.9,   8.5, 107.2,  59.5
 643,2.500e-06,2.201e+00,   9.0,   6.3, 102.5,  58.0,1.228e-01,  16.1,   8.9, 107.1,  59.4
 644,2.500e-06,2.183e+00,   9.0,   6.4, 102.4,  58.0,1.227e-01,  15.9,   6.3, 107.1,  59.4
 645,2.500e-06,2.185e+00,   9.1,   6.4, 102.3,  58.0,1.227e-01,  15.6,   6.5, 107.1,  59.4
 646,2.500e-06,2.186e+00,   8.5,   6.3, 102.3,  57.9,1.226e-01,  15.6,   6.5, 107.1,  59.4
 647,2.500e-06,2.216e+00,   8.9,   6.2, 102.5,  58.0,1.234e-01,  16.6,   6.9, 107.2,  59.4
 648,2.500e-06,2.203e+00,   9.0,   6.3, 102.4,  58.0,1.230e-01,  15.7,   7.0, 107.2,  59.5
 649,2.500e-06,2.182e+00,   9.0,   6.4, 102.4,  58.0,1.229e-01,  15.9,   6.4, 107.2,  59.4
 650,2.500e-06,2.210e+00,   9.1,   6.4, 102.4,  58.0,1.225e-01,  15.7,   7.0, 107.1,  59.4
 651,2.500e-06,2.167e+00,   8.8,   6.2, 102.5,  57.9,1.231e-01,  15.7,   7.4, 107.3,  59.5
 652,2.500e-06,2.226e+00,   9.0,   6.4, 102.5,  58.0,1.228e-01,  15.8,   6.6, 107.1,  59.4
 653,2.500e-06,2.168e+00,   8.9,   6.2, 102.5,  58.0,1.228e-01,  16.0,   8.8, 107.1,  59.5
 654,2.500e-06,2.214e+00,   8.9,   6.3, 102.4,  58.0,1.227e-01,  15.8,   7.6, 107.1,  59.3
 655,2.500e-06,2.222e+00,   8.9,   6.2, 102.5,  58.0,1.225e-01,  15.6,   6.5, 107.1,  59.3
 656,2.500e-06,2.211e+00,   9.1,   6.5, 102.5,  58.0,1.225e-01,  15.8,   6.3, 107.0,  59.3
 657,2.500e-06,2.219e+00,   8.9,   6.2, 102.4,  58.0,1.228e-01,  16.2,   6.4, 107.1,  59.3
 658,2.500e-06,2.215e+00,   8.9,   6.3, 102.4,  58.0,1.229e-01,  16.1,   6.4, 107.1,  59.5
 659,2.500e-06,2.189e+00,   8.9,   6.2, 102.4,  57.9,1.226e-01,  15.6,   6.3, 107.1,  59.4
 660,2.500e-06,2.210e+00,   8.9,   6.3, 102.4,  57.9,1.225e-01,  15.7,   6.5, 107.0,  59.3
 661,2.500e-06,2.179e+00,   8.9,   6.3, 102.3,  58.0,1.228e-01,  16.3,   9.1, 107.1,  59.3
 662,2.500e-06,2.200e+00,   9.0,   6.4, 102.3,  58.0,1.225e-01,  15.8,   7.9, 107.0,  59.3
 663,2.500e-06,2.194e+00,   9.0,   6.3, 102.3,  57.9,1.231e-01,  16.8,  10.4, 107.1,  59.4
 664,2.500e-06,2.236e+00,   9.2,   6.6, 102.5,  58.0,1.230e-01,  16.4,   6.6, 107.1,  59.4
 665,2.500e-06,2.213e+00,   8.8,   6.1, 102.3,  57.9,1.225e-01,  15.6,   7.2, 107.1,  59.3
 666,2.500e-06,2.226e+00,   8.9,   6.3, 102.4,  57.9,1.228e-01,  15.8,   6.7, 107.2,  59.4
 667,2.500e-06,2.134e+00,   9.0,   6.3, 102.4,  57.9,1.223e-01,  15.5,   7.0, 107.0,  59.3
 668,2.500e-06,2.183e+00,   9.0,   6.4, 102.4,  57.9,1.233e-01,  16.8,   7.4, 107.2,  59.4
 669,2.500e-06,2.174e+00,   8.8,   6.2, 102.3,  57.9,1.227e-01,  15.7,   6.9, 107.2,  59.3
 670,2.500e-06,2.246e+00,   9.0,   6.3, 102.3,  58.0,1.226e-01,  15.6,   6.9, 107.1,  59.3
 671,2.500e-06,2.190e+00,   9.1,   6.4, 102.3,  57.9,1.227e-01,  16.1,   8.8, 107.1,  59.3
 672,2.500e-06,2.207e+00,   9.2,   6.5, 102.3,  57.9,1.241e-01,  17.2,   7.9, 107.4,  59.6
 673,2.500e-06,2.166e+00,   8.7,   6.1, 102.3,  57.9,1.225e-01,  15.7,   7.4, 107.1,  59.3
 674,2.500e-06,2.181e+00,   8.8,   6.1, 102.3,  57.9,1.224e-01,  15.5,   7.0, 107.1,  59.3
 675,2.500e-06,2.217e+00,   9.1,   6.5, 102.3,  57.9,1.231e-01,  16.7,   7.1, 107.1,  59.3
 676,2.500e-06,2.224e+00,   8.9,   6.3, 102.3,  58.0,1.225e-01,  15.6,   7.5, 107.1,  59.3
 677,2.500e-06,2.208e+00,   8.8,   6.2, 102.3,  57.9,1.225e-01,  15.9,   6.3, 107.0,  59.3
 678,2.500e-06,2.185e+00,   8.8,   6.3, 102.2,  57.9,1.227e-01,  15.8,   6.2, 107.1,  59.3
 679,2.500e-06,2.218e+00,   9.1,   6.4, 102.3,  57.9,1.229e-01,  16.0,   6.4, 107.2,  59.3
 680,2.500e-06,2.200e+00,   8.8,   6.2, 102.1,  57.9,1.226e-01,  15.7,   6.6, 107.1,  59.3
 681,2.500e-06,2.193e+00,   8.9,   6.3, 102.2,  57.8,1.224e-01,  15.7,   7.1, 107.1,  59.3
 682,2.500e-06,2.222e+00,   8.9,   6.2, 102.1,  57.9,1.225e-01,  15.9,   6.3, 107.0,  59.3
 683,2.500e-06,2.234e+00,   8.8,   6.2, 102.2,  57.9,1.223e-01,  15.6,   7.0, 107.0,  59.3
 684,2.500e-06,2.212e+00,   8.8,   6.2, 102.2,  57.9,1.228e-01,  16.0,   6.3, 107.1,  59.3
 685,2.500e-06,2.212e+00,   8.9,   6.3, 102.3,  57.8,1.224e-01,  15.8,   7.5, 107.0,  59.2
 686,2.500e-06,2.220e+00,   8.7,   6.1, 102.2,  57.8,1.221e-01,  15.6,   7.5, 106.9,  59.3
 687,2.500e-06,2.208e+00,   8.8,   6.1, 102.2,  57.9,1.223e-01,  15.7,   6.4, 107.0,  59.3
 688,2.500e-06,2.151e+00,   9.1,   6.4, 102.3,  57.9,1.222e-01,  15.6,   7.8, 107.0,  59.2
 689,2.500e-06,2.192e+00,   8.9,   6.3, 102.2,  57.9,1.225e-01,  16.0,   6.2, 107.0,  59.3
 690,2.500e-06,2.181e+00,   9.2,   6.5, 101.7,  57.9,1.230e-01,  15.9,   6.3, 107.2,  59.7
 691,2.500e-06,2.156e+00,   9.0,   6.3, 102.2,  57.9,1.224e-01,  15.7,   6.2, 107.0,  59.3
 692,2.500e-06,2.195e+00,   9.0,   6.3, 102.2,  57.9,1.223e-01,  15.7,   6.3, 106.9,  59.2
 693,2.500e-06,2.199e+00,   8.8,   6.2, 102.1,  57.8,1.222e-01,  15.7,   6.5, 106.9,  59.2
 694,2.500e-06,2.219e+00,   8.8,   6.2, 102.1,  57.9,1.225e-01,  16.0,   6.4, 107.0,  59.3
 695,2.500e-06,2.181e+00,   8.8,   6.2, 102.2,  57.9,1.224e-01,  15.8,   6.5, 107.0,  59.3
 696,2.500e-06,2.194e+00,   9.0,   6.3, 102.1,  57.8,1.223e-01,  15.8,   6.3, 106.9,  59.3
 697,2.500e-06,2.250e+00,   8.9,   6.2, 102.3,  57.8,1.224e-01,  16.2,   6.5, 106.9,  59.2
 698,2.500e-06,2.188e+00,   9.0,   6.4, 102.0,  57.8,1.223e-01,  15.7,   6.9, 106.9,  59.2
 699,2.500e-06,2.212e+00,   9.0,   6.3, 102.1,  57.8,1.221e-01,  15.5,   6.8, 106.9,  59.2
 700,2.500e-06,2.208e+00,   8.8,   6.2, 102.2,  57.8,1.225e-01,  16.2,   6.5, 106.9,  59.3
 701,2.500e-06,2.213e+00,   9.1,   6.5, 102.2,  57.8,1.225e-01,  16.1,   8.6, 107.0,  59.3
 702,2.500e-06,2.155e+00,   8.9,   6.2, 102.1,  57.8,1.224e-01,  16.4,   9.5, 106.9,  59.3
 703,2.500e-06,2.204e+00,   9.0,   6.4, 102.1,  57.8,1.225e-01,  16.5,   6.7, 106.9,  59.3
 704,2.500e-06,2.199e+00,   9.0,   6.4, 102.1,  57.8,1.221e-01,  15.5,   6.7, 106.9,  59.3
 705,2.500e-06,2.194e+00,   8.9,   6.2, 102.0,  57.8,1.222e-01,  15.8,   7.9, 106.9,  59.2
 706,2.500e-06,2.234e+00,   8.9,   6.3, 102.0,  57.8,1.222e-01,  15.8,   7.8, 106.9,  59.2
 707,2.500e-06,2.217e+00,   9.1,   6.4, 102.1,  57.8,1.223e-01,  15.9,   6.3, 106.9,  59.3
 708,2.500e-06,2.163e+00,   8.8,   6.2, 102.1,  57.8,1.219e-01,  15.6,   7.4, 106.8,  59.2
 709,2.500e-06,2.202e+00,   9.0,   6.4, 102.0,  57.8,1.226e-01,  16.3,   6.7, 107.0,  59.4
 710,2.500e-06,2.181e+00,   8.9,   6.2, 102.0,  57.8,1.220e-01,  15.4,   7.1, 106.9,  59.2
 711,2.500e-06,2.209e+00,   8.9,   6.3, 102.0,  57.8,1.222e-01,  15.8,   6.9, 106.8,  59.2
 712,2.500e-06,2.187e+00,   8.8,   6.1, 102.0,  57.8,1.225e-01,  16.3,   6.5, 106.9,  59.2
 713,2.500e-06,2.211e+00,   8.9,   6.3, 102.0,  57.7,1.222e-01,  15.7,   8.0, 106.9,  59.2
 714,2.500e-06,2.160e+00,   9.0,   6.4, 102.1,  57.8,1.225e-01,  16.6,   7.1, 106.8,  59.3
 715,2.500e-06,2.145e+00,   8.9,   6.2, 102.1,  57.8,1.225e-01,  15.9,   6.4, 107.0,  59.3
 716,2.500e-06,2.199e+00,   9.0,   6.3, 101.9,  57.8,1.225e-01,  16.5,   9.9, 106.9,  59.4
 717,2.500e-06,2.200e+00,   9.1,   6.4, 102.0,  57.7,1.224e-01,  16.4,   6.8, 106.9,  59.3
 718,2.500e-06,2.202e+00,   8.8,   6.2, 101.9,  57.8,1.220e-01,  15.6,   7.2, 106.9,  59.2
 719,2.500e-06,2.138e+00,   9.1,   6.4, 102.0,  57.7,1.219e-01,  15.5,   6.5, 106.8,  59.2
 720,2.500e-06,2.234e+00,   9.1,   6.4, 102.0,  57.8,1.220e-01,  16.3,   9.0, 106.7,  59.1
 721,2.500e-06,2.116e+00,   8.9,   6.2, 101.9,  57.7,1.221e-01,  15.9,   6.3, 106.8,  59.2
 722,2.500e-06,2.147e+00,   9.2,   6.5, 101.9,  57.8,1.220e-01,  15.6,   7.0, 106.9,  59.2
 723,2.500e-06,2.210e+00,   8.9,   6.3, 102.0,  57.7,1.223e-01,  16.2,   6.6, 106.8,  59.2
 724,2.500e-06,2.189e+00,   8.8,   6.2, 102.0,  57.8,1.222e-01,  16.0,   6.3, 106.9,  59.2
 725,2.500e-06,2.160e+00,   8.9,   6.3, 101.9,  57.7,1.224e-01,  15.7,   6.6, 107.1,  59.2
 726,2.500e-06,2.199e+00,   8.8,   6.2, 102.0,  57.8,1.219e-01,  15.5,   6.5, 106.9,  59.2
 727,2.500e-06,2.143e+00,   8.7,   6.1, 102.0,  57.8,1.220e-01,  15.6,   7.1, 106.9,  59.3
 728,2.500e-06,2.154e+00,   9.0,   6.3, 101.9,  57.7,1.225e-01,  15.8,   6.9, 107.0,  59.2
 729,2.500e-06,2.164e+00,   8.9,   6.3, 102.0,  57.8,1.220e-01,  15.8,   6.3, 106.8,  59.1
 730,2.500e-06,2.209e+00,   8.8,   6.2, 102.0,  57.8,1.222e-01,  15.7,   6.7, 107.0,  59.2
 731,2.500e-06,2.122e+00,   8.9,   6.3, 101.9,  57.8,1.222e-01,  15.9,   6.2, 106.9,  59.2
 732,2.500e-06,2.172e+00,   9.1,   6.4, 101.8,  57.8,1.220e-01,  15.8,   7.4, 106.9,  59.2
 733,2.500e-06,2.177e+00,   9.1,   6.5, 102.0,  57.7,1.223e-01,  15.9,   6.4, 106.9,  59.2
 734,2.500e-06,2.159e+00,   9.0,   6.3, 101.9,  57.7,1.220e-01,  15.7,   6.4, 106.9,  59.2
 735,2.500e-06,2.178e+00,   8.8,   6.2, 101.9,  57.8,1.221e-01,  16.0,   6.3, 106.9,  59.1
 736,2.500e-06,2.180e+00,   8.9,   6.3, 101.9,  57.6,1.220e-01,  15.8,   7.8, 106.9,  59.1
 737,2.500e-06,2.168e+00,   8.8,   6.2, 101.9,  57.7,1.220e-01,  15.6,   7.4, 106.9,  59.2
 738,2.500e-06,2.190e+00,   9.0,   6.3, 101.7,  57.7,1.219e-01,  15.6,   7.5, 106.9,  59.2
 739,2.500e-06,2.164e+00,   9.3,   6.7, 101.8,  57.7,1.222e-01,  16.0,   6.3, 106.9,  59.2
 740,2.500e-06,2.113e+00,   8.8,   6.2, 101.9,  57.6,1.220e-01,  15.7,   6.5, 106.9,  59.1
 741,2.500e-06,2.156e+00,   8.7,   6.1, 101.9,  57.7,1.220e-01,  15.7,   6.7, 106.9,  59.1
 742,2.500e-06,2.166e+00,   8.9,   6.2, 101.8,  57.7,1.224e-01,  15.8,   7.1, 107.0,  59.3
 743,2.500e-06,2.169e+00,   9.0,   6.4, 101.9,  57.7,1.224e-01,  16.2,   6.5, 106.9,  59.2
 744,2.500e-06,2.203e+00,   8.9,   6.3, 101.8,  57.7,1.231e-01,  17.9,   9.7, 106.9,  59.3
 745,2.500e-06,2.154e+00,   9.0,   6.4, 101.8,  57.7,1.219e-01,  15.7,   7.6, 106.8,  59.1
 746,2.500e-06,2.185e+00,   8.9,   6.3, 101.8,  57.7,1.218e-01,  15.6,   6.9, 106.8,  59.2
 747,2.500e-06,2.214e+00,   8.9,   6.2, 101.9,  57.7,1.219e-01,  15.7,   6.3, 106.8,  59.1
 748,2.500e-06,2.165e+00,   8.9,   6.3, 101.9,  57.7,1.218e-01,  15.6,   7.0, 106.8,  59.1
 749,2.500e-06,2.164e+00,   8.8,   6.2, 101.7,  57.6,1.220e-01,  15.7,   6.6, 106.9,  59.1
 750,2.500e-06,2.221e+00,   8.9,   6.3, 101.9,  57.7,1.217e-01,  15.5,   7.2, 106.8,  59.1
 751,2.500e-06,2.181e+00,   9.0,   6.4, 101.8,  57.7,1.226e-01,  17.2,   8.3, 106.8,  59.2
 752,2.500e-06,2.150e+00,   8.9,   6.3, 101.8,  57.7,1.218e-01,  15.6,   6.8, 106.8,  59.1
 753,2.500e-06,2.159e+00,   8.7,   6.1, 101.7,  57.7,1.217e-01,  15.5,   6.8, 106.8,  59.1
 754,2.500e-06,2.138e+00,   8.8,   6.1, 101.7,  57.7,1.217e-01,  15.7,   7.3, 106.7,  59.1
 755,1.250e-06,2.196e+00,   8.7,   6.1, 101.7,  57.6,1.217e-01,  15.6,   7.0, 106.7,  59.1
 756,1.250e-06,2.195e+00,   8.8,   6.2, 101.7,  57.6,1.220e-01,  16.1,   6.4, 106.8,  59.1
 757,1.250e-06,2.186e+00,   8.7,   6.1, 101.8,  57.7,1.218e-01,  15.7,   6.5, 106.8,  59.2
 758,1.250e-06,2.167e+00,   8.7,   6.1, 101.7,  57.6,1.217e-01,  15.6,   7.1, 106.8,  59.0
 759,1.250e-06,2.166e+00,   8.6,   6.0, 101.7,  57.6,1.217e-01,  15.6,   6.5, 106.7,  59.0
 760,1.250e-06,2.181e+00,   8.7,   6.1, 101.6,  57.6,1.217e-01,  15.7,   6.3, 106.7,  59.1
 761,1.250e-06,2.177e+00,   8.7,   6.1, 101.6,  57.6,1.216e-01,  15.6,   7.1, 106.7,  59.1
 762,1.250e-06,2.133e+00,   8.8,   6.1, 101.6,  57.6,1.218e-01,  16.0,   6.3, 106.7,  59.1
 763,1.250e-06,2.188e+00,   8.8,   6.2, 101.6,  57.6,1.216e-01,  15.6,   7.0, 106.7,  59.0
 764,1.250e-06,2.177e+00,   8.7,   6.1, 101.6,  57.6,1.217e-01,  15.6,   6.6, 106.7,  59.1
 765,1.250e-06,2.149e+00,   8.7,   6.0, 101.6,  57.6,1.215e-01,  15.5,   6.8, 106.7,  59.0
 766,1.250e-06,2.193e+00,   8.7,   6.1, 101.7,  57.6,1.218e-01,  15.8,   6.3, 106.7,  59.1
 767,1.250e-06,2.174e+00,   8.6,   6.1, 101.7,  57.6,1.219e-01,  16.0,   6.3, 106.8,  59.1
 768,1.250e-06,2.184e+00,   8.8,   6.2, 101.6,  57.6,1.215e-01,  15.6,   7.6, 106.7,  59.1
 769,1.250e-06,2.155e+00,   8.6,   6.1, 101.6,  57.6,1.217e-01,  15.8,   6.2, 106.7,  59.1
 770,1.250e-06,2.148e+00,   8.7,   6.1, 101.7,  57.5,1.216e-01,  15.7,   6.9, 106.7,  59.0
 771,1.250e-06,2.117e+00,   8.7,   6.1, 101.7,  57.5,1.216e-01,  15.6,   6.5, 106.7,  59.0
 772,1.250e-06,2.151e+00,   8.6,   6.0, 101.7,  57.6,1.217e-01,  15.8,   6.2, 106.7,  59.1
 773,1.250e-06,2.161e+00,   8.6,   6.0, 101.6,  57.6,1.215e-01,  15.6,   7.0, 106.7,  59.0
 774,1.250e-06,2.183e+00,   8.7,   6.0, 101.6,  57.6,1.216e-01,  15.9,   6.2, 106.7,  59.1
 775,1.250e-06,2.166e+00,   8.7,   6.1, 101.6,  57.6,1.218e-01,  15.6,   6.9, 106.8,  59.1
 776,1.250e-06,2.192e+00,   8.7,   6.1, 101.7,  57.5,1.215e-01,  15.6,   7.0, 106.7,  59.0
 777,1.250e-06,2.165e+00,   8.6,   6.0, 101.6,  57.6,1.215e-01,  16.0,   8.4, 106.6,  59.0
 778,1.250e-06,2.182e+00,   8.8,   6.1, 101.7,  57.5,1.215e-01,  15.6,   7.1, 106.7,  59.0
 779,1.250e-06,2.201e+00,   8.6,   6.0, 101.6,  57.6,1.216e-01,  15.6,   6.6, 106.7,  59.1
 780,1.250e-06,2.170e+00,   8.7,   6.1, 101.6,  57.5,1.217e-01,  15.9,   6.3, 106.7,  59.1
 781,1.250e-06,2.155e+00,   9.0,   6.3, 101.5,  57.5,1.216e-01,  15.9,   7.9, 106.7,  59.0
 782,1.250e-06,2.145e+00,   8.8,   6.2, 101.6,  57.5,1.215e-01,  15.6,   6.6, 106.7,  59.1
 783,1.250e-06,2.159e+00,   8.6,   6.0, 101.6,  57.5,1.216e-01,  15.6,   6.9, 106.7,  59.0
 784,1.250e-06,2.156e+00,   8.8,   6.2, 101.6,  57.5,1.218e-01,  15.8,   6.3, 106.7,  59.1
 785,1.250e-06,2.206e+00,   8.7,   6.1, 101.6,  57.5,1.215e-01,  15.6,   7.0, 106.7,  59.0
 786,1.250e-06,2.143e+00,   8.7,   6.1, 101.5,  57.5,1.218e-01,  15.6,   6.6, 106.8,  59.2
 787,1.250e-06,2.200e+00,   8.5,   6.0, 101.5,  57.5,1.215e-01,  15.6,   6.6, 106.7,  59.1
 788,1.250e-06,2.186e+00,   8.7,   6.1, 101.6,  57.5,1.214e-01,  15.5,   7.1, 106.6,  59.0
 789,1.250e-06,2.183e+00,   8.7,   6.1, 101.6,  57.6,1.218e-01,  16.1,   6.4, 106.7,  59.1
 790,1.250e-06,2.171e+00,   8.7,   6.1, 101.5,  57.5,1.217e-01,  15.9,   6.3, 106.7,  59.1
 791,1.250e-06,2.162e+00,   8.9,   6.2, 101.6,  57.6,1.214e-01,  15.5,   7.1, 106.7,  59.0
 792,1.250e-06,2.170e+00,   8.8,   6.2, 101.6,  57.6,1.216e-01,  15.8,   6.3, 106.6,  59.0
 793,1.250e-06,2.137e+00,   8.8,   6.1, 101.6,  57.5,1.214e-01,  15.6,   6.9, 106.7,  59.0
 794,1.250e-06,2.162e+00,   8.7,   6.1, 101.6,  57.5,1.216e-01,  15.7,   6.4, 106.7,  59.0
 795,1.250e-06,2.145e+00,   8.7,   6.1, 101.5,  57.5,1.216e-01,  15.5,   7.0, 106.7,  59.1
 796,1.250e-06,2.151e+00,   8.6,   6.1, 101.5,  57.5,1.216e-01,  15.6,   6.9, 106.7,  59.0
 797,1.250e-06,2.165e+00,   8.6,   6.1, 101.5,  57.5,1.217e-01,  15.7,   6.6, 106.7,  59.0
 798,1.250e-06,2.148e+00,   8.7,   6.1, 101.4,  57.5,1.216e-01,  15.6,   7.0, 106.7,  59.0
 799,1.250e-06,2.172e+00,   8.8,   6.2, 101.6,  57.5,1.221e-01,  16.5,   6.9, 106.8,  59.1
 800,1.250e-06,2.204e+00,   8.8,   6.1, 101.5,  57.5,1.216e-01,  15.9,   6.2, 106.7,  59.1
 801,1.250e-06,2.179e+00,   8.7,   6.0, 101.5,  57.5,1.215e-01,  15.6,   6.7, 106.7,  59.1
 802,1.250e-06,2.127e+00,   8.6,   6.0, 101.6,  57.5,1.217e-01,  15.7,   6.7, 106.7,  59.1
 803,1.250e-06,2.156e+00,   8.7,   6.1, 101.5,  57.5,1.215e-01,  15.8,   7.5, 106.7,  59.0
 804,1.250e-06,2.143e+00,   8.8,   6.2, 101.5,  57.5,1.215e-01,  15.8,   7.9, 106.7,  59.0
 805,1.250e-06,2.175e+00,   8.7,   6.1, 101.6,  57.5,1.217e-01,  15.8,   6.2, 106.7,  59.1
 806,1.250e-06,2.232e+00,   8.6,   6.1, 101.6,  57.5,1.216e-01,  15.6,   6.7, 106.7,  59.0
 807,1.250e-06,2.192e+00,   8.8,   6.2, 101.5,  57.5,1.216e-01,  15.7,   6.3, 106.7,  59.0
 808,1.250e-06,2.162e+00,   8.6,   6.1, 101.6,  57.6,1.217e-01,  15.7,   7.0, 106.8,  59.1
 809,1.250e-06,2.184e+00,   8.6,   6.0, 101.6,  57.5,1.214e-01,  15.6,   6.9, 106.6,  59.0
 810,1.250e-06,2.158e+00,   8.6,   6.0, 101.5,  57.5,1.215e-01,  15.6,   7.1, 106.6,  59.0
 811,1.250e-06,2.176e+00,   8.6,   6.0, 101.5,  57.5,1.214e-01,  15.5,   6.9, 106.6,  59.0
 812,1.250e-06,2.125e+00,   8.6,   6.0, 101.4,  57.5,1.215e-01,  15.7,   6.5, 106.7,  59.0
 813,1.250e-06,2.215e+00,   8.6,   6.1, 101.4,  57.5,1.215e-01,  15.6,   6.3, 106.7,  59.1
 814,1.250e-06,2.150e+00,   8.7,   6.1, 101.5,  57.5,1.214e-01,  15.5,   6.5, 106.6,  59.0
 815,1.250e-06,2.177e+00,   8.6,   6.1, 101.5,  57.5,1.217e-01,  15.7,   6.4, 106.7,  59.1
 816,1.250e-06,2.176e+00,   8.7,   6.1, 101.5,  57.5,1.215e-01,  15.7,   7.3, 106.7,  59.0
 817,1.250e-06,2.152e+00,   8.6,   6.0, 101.5,  57.5,1.215e-01,  15.8,   7.8, 106.6,  59.0
 818,1.250e-06,2.180e+00,   8.8,   6.2, 101.5,  57.5,1.215e-01,  15.7,   6.3, 106.6,  59.0
 819,1.250e-06,2.189e+00,   8.8,   6.1, 101.4,  57.5,1.214e-01,  15.7,   7.6, 106.6,  59.0
 820,1.250e-06,2.154e+00,   8.6,   6.0, 101.5,  57.5,1.213e-01,  15.6,   6.9, 106.6,  59.0
 821,1.250e-06,2.197e+00,   8.7,   6.1, 101.5,  57.5,1.214e-01,  15.7,   6.9, 106.6,  58.9
 822,1.250e-06,2.149e+00,   8.7,   6.1, 101.5,  57.5,1.217e-01,  15.9,   6.2, 106.7,  59.1
 823,1.250e-06,2.167e+00,   8.6,   6.0, 101.5,  57.5,1.215e-01,  15.6,   6.6, 106.7,  59.0
 824,1.250e-06,2.147e+00,   8.6,   6.0, 101.5,  57.5,1.214e-01,  15.6,   6.9, 106.7,  59.0
 825,1.250e-06,2.181e+00,   8.6,   6.0, 101.4,  57.4,1.215e-01,  15.7,   6.7, 106.7,  59.0
 826,1.250e-06,2.130e+00,   8.6,   6.0, 101.4,  57.5,1.213e-01,  15.5,   6.7, 106.6,  59.0
 827,1.250e-06,2.164e+00,   8.7,   6.1, 101.5,  57.5,1.216e-01,  16.1,   8.6, 106.7,  59.0
 828,1.250e-06,2.166e+00,   8.7,   6.1, 101.4,  57.5,1.215e-01,  15.7,   6.9, 106.7,  59.0
 829,1.250e-06,2.153e+00,   9.0,   6.3, 101.5,  57.5,1.216e-01,  15.6,   7.1, 106.7,  59.0
 830,1.250e-06,2.161e+00,   8.7,   6.1, 101.3,  57.5,1.214e-01,  15.6,   7.1, 106.6,  59.0
 831,1.250e-06,2.157e+00,   8.7,   6.2, 101.5,  57.5,1.217e-01,  16.3,   6.6, 106.7,  59.0
 832,1.250e-06,2.161e+00,   8.7,   6.1, 101.5,  57.5,1.216e-01,  15.7,   6.4, 106.7,  59.0
 833,1.250e-06,2.132e+00,   8.6,   6.0, 101.5,  57.5,1.214e-01,  15.6,   6.9, 106.7,  59.0
 834,1.250e-06,2.177e+00,   8.7,   6.1, 101.4,  57.5,1.212e-01,  15.5,   6.6, 106.6,  59.0
 835,1.250e-06,2.125e+00,   8.6,   6.0, 101.5,  57.5,1.213e-01,  15.5,   6.7, 106.7,  59.0
 836,1.250e-06,2.157e+00,   8.6,   6.0, 101.4,  57.5,1.214e-01,  15.6,   6.3, 106.7,  59.0
 837,1.250e-06,2.135e+00,   8.7,   6.1, 101.5,  57.5,1.214e-01,  15.6,   6.5, 106.7,  59.0
 838,1.250e-06,2.171e+00,   8.7,   6.1, 101.4,  57.5,1.216e-01,  15.9,   6.3, 106.7,  59.0
 839,1.250e-06,2.167e+00,   8.7,   6.1, 101.4,  57.5,1.213e-01,  15.5,   7.4, 106.7,  59.0
 840,1.250e-06,2.158e+00,   8.7,   6.1, 101.3,  57.5,1.214e-01,  15.7,   7.0, 106.6,  59.0
 841,1.250e-06,2.183e+00,   8.7,   6.1, 101.5,  57.4,1.215e-01,  15.7,   6.3, 106.7,  59.0
 842,1.250e-06,2.172e+00,   8.7,   6.1, 101.5,  57.5,1.214e-01,  15.6,   6.3, 106.6,  59.0
 843,1.250e-06,2.145e+00,   8.6,   6.0, 101.4,  57.5,1.214e-01,  15.6,   6.4, 106.7,  59.0
 844,1.250e-06,2.168e+00,   8.6,   6.0, 101.3,  57.4,1.214e-01,  15.6,   6.7, 106.7,  59.0
 845,1.250e-06,2.149e+00,   8.6,   6.0, 101.4,  57.5,1.214e-01,  15.7,   6.6, 106.6,  58.9
 846,1.250e-06,2.143e+00,   8.8,   6.2, 101.3,  57.4,1.213e-01,  15.6,   6.7, 106.6,  59.0
 847,1.250e-06,2.158e+00,   8.6,   6.1, 101.5,  57.4,1.214e-01,  15.8,   6.2, 106.6,  59.0
 848,1.250e-06,2.154e+00,   8.7,   6.1, 101.3,  57.5,1.214e-01,  15.6,   7.0, 106.6,  59.0
 849,1.250e-06,2.133e+00,   8.7,   6.1, 101.3,  57.5,1.215e-01,  15.9,   6.2, 106.7,  59.0
 850,1.250e-06,2.131e+00,   8.6,   6.0, 101.4,  57.5,1.214e-01,  15.7,   6.3, 106.6,  58.9
 851,1.250e-06,2.145e+00,   8.7,   6.1, 101.4,  57.5,1.213e-01,  15.7,   6.7, 106.6,  58.9
 852,1.250e-06,2.104e+00,   8.7,   6.1, 101.3,  57.4,1.214e-01,  15.6,   6.6, 106.7,  59.0
 853,1.250e-06,2.140e+00,   8.7,   6.1, 101.4,  57.5,1.214e-01,  15.9,   6.3, 106.6,  59.0
 854,1.250e-06,2.161e+00,   8.8,   6.2, 101.4,  57.5,1.214e-01,  15.6,   7.0, 106.7,  59.0
 855,1.250e-06,2.156e+00,   8.7,   6.1, 101.3,  57.4,1.214e-01,  15.9,   6.2, 106.6,  58.9
 856,1.250e-06,2.145e+00,   8.7,   6.1, 101.4,  57.4,1.214e-01,  15.6,   6.2, 106.6,  59.0
 857,1.250e-06,2.105e+00,   8.6,   6.1, 101.3,  57.4,1.214e-01,  15.8,   6.2, 106.6,  58.9
 858,1.250e-06,2.123e+00,   8.6,   6.0, 101.3,  57.4,1.215e-01,  16.1,   6.3, 106.6,  59.0
 859,1.250e-06,2.143e+00,   8.7,   6.1, 101.4,  57.5,1.215e-01,  15.6,   7.1, 106.7,  59.0
 860,1.250e-06,2.175e+00,   8.8,   6.2, 101.3,  57.5,1.212e-01,  15.6,   7.2, 106.6,  58.9
 861,1.250e-06,2.193e+00,   8.6,   6.0, 101.4,  57.4,1.213e-01,  15.8,   6.3, 106.6,  58.9
 862,1.250e-06,2.101e+00,   8.7,   6.1, 101.3,  57.4,1.216e-01,  16.0,   6.3, 106.6,  59.0
 863,1.250e-06,2.210e+00,   8.8,   6.1, 101.4,  57.4,1.212e-01,  15.5,   6.9, 106.6,  59.0
 864,1.250e-06,2.152e+00,   8.6,   6.0, 101.4,  57.4,1.213e-01,  15.7,   7.6, 106.6,  58.9
 865,1.250e-06,2.171e+00,   8.8,   6.2, 101.3,  57.4,1.212e-01,  15.7,   6.4, 106.5,  59.0
 866,1.250e-06,2.122e+00,   8.6,   6.1, 101.3,  57.4,1.211e-01,  15.5,   7.0, 106.6,  58.9
 867,1.250e-06,2.154e+00,   8.6,   6.1, 101.3,  57.4,1.212e-01,  15.5,   7.1, 106.6,  59.0
 868,1.250e-06,2.162e+00,   8.7,   6.1, 101.4,  57.4,1.215e-01,  15.7,   7.2, 106.7,  58.9
 869,1.250e-06,2.127e+00,   8.7,   6.1, 101.2,  57.4,1.216e-01,  16.3,   6.6, 106.6,  59.0
 870,1.250e-06,2.152e+00,   8.8,   6.2, 101.4,  57.4,1.212e-01,  15.7,   8.0, 106.5,  59.0
 871,1.250e-06,2.106e+00,   8.7,   6.1, 101.3,  57.4,1.213e-01,  15.5,   7.1, 106.6,  58.9
 872,1.250e-06,2.173e+00,   8.7,   6.1, 101.3,  57.4,1.212e-01,  15.7,   7.9, 106.5,  58.9
 873,1.250e-06,2.191e+00,   8.7,   6.1, 101.4,  57.5,1.213e-01,  15.8,   6.3, 106.6,  58.9
 874,1.250e-06,2.126e+00,   8.9,   6.2, 101.3,  57.3,1.212e-01,  15.6,   6.5, 106.6,  59.0
 875,1.250e-06,2.132e+00,   8.7,   6.1, 101.3,  57.5,1.212e-01,  15.7,   7.3, 106.6,  58.9
 876,1.250e-06,2.147e+00,   8.6,   6.0, 101.4,  57.4,1.212e-01,  15.6,   6.4, 106.6,  58.9
 877,1.250e-06,2.174e+00,   8.7,   6.1, 101.3,  57.4,1.213e-01,  15.6,   7.0, 106.6,  58.9
 878,1.250e-06,2.163e+00,   8.6,   6.0, 101.3,  57.4,1.212e-01,  15.6,   6.9, 106.6,  58.9
 879,1.250e-06,2.155e+00,   8.8,   6.2, 101.4,  57.3,1.213e-01,  15.7,   7.0, 106.6,  58.9
 880,1.250e-06,2.206e+00,   8.8,   6.2, 101.2,  57.4,1.212e-01,  15.6,   7.1, 106.5,  58.9
 881,1.250e-06,2.143e+00,   8.7,   6.0, 101.2,  57.4,1.213e-01,  15.7,   6.2, 106.6,  59.1
 882,1.250e-06,2.153e+00,   8.6,   6.1, 101.2,  57.4,1.212e-01,  15.8,   7.8, 106.5,  58.9
 883,1.250e-06,2.131e+00,   8.9,   6.3, 101.3,  57.4,1.213e-01,  15.7,   6.2, 106.6,  59.0
 884,1.250e-06,2.155e+00,   8.7,   6.1, 101.2,  57.3,1.212e-01,  15.7,   7.2, 106.5,  59.0
 885,1.250e-06,2.195e+00,   8.6,   6.1, 101.2,  57.4,1.213e-01,  15.7,   7.6, 106.6,  59.0
 886,1.250e-06,2.164e+00,   8.6,   6.0, 101.2,  57.4,1.211e-01,  15.7,   6.3, 106.5,  58.9
 887,1.250e-06,2.149e+00,   8.7,   6.1, 101.2,  57.4,1.215e-01,  16.0,   6.3, 106.6,  59.0
 888,1.250e-06,2.196e+00,   8.7,   6.1, 101.4,  57.4,1.211e-01,  15.7,   7.0, 106.5,  58.9
 889,1.250e-06,2.181e+00,   8.7,   6.1, 101.2,  57.4,1.212e-01,  15.6,   7.0, 106.6,  58.9
 890,1.250e-06,2.209e+00,   8.7,   6.1, 101.3,  57.4,1.212e-01,  15.8,   6.2, 106.5,  58.9
 891,1.250e-06,2.149e+00,   8.8,   6.1, 101.3,  57.4,1.213e-01,  16.0,   6.3, 106.5,  58.9
 892,1.250e-06,2.076e+00,   8.9,   6.3, 100.9,  57.3,1.211e-01,  15.6,   7.1, 106.5,  58.9
 893,1.250e-06,2.138e+00,   8.6,   6.0, 101.3,  57.4,1.211e-01,  15.7,   7.6, 106.5,  58.9
 894,1.250e-06,2.163e+00,   8.7,   6.0, 101.3,  57.4,1.211e-01,  15.8,   8.1, 106.5,  58.9
 895,1.250e-06,2.152e+00,   8.6,   6.0, 101.2,  57.4,1.211e-01,  15.6,   7.0, 106.5,  58.9
 896,1.250e-06,2.155e+00,   8.6,   6.0, 101.2,  57.3,1.211e-01,  15.6,   7.2, 106.5,  58.9
 897,1.250e-06,2.158e+00,   8.8,   6.1, 101.2,  57.3,1.212e-01,  15.7,   6.5, 106.6,  58.9
 898,1.250e-06,2.173e+00,   8.7,   6.1, 101.3,  57.4,1.210e-01,  15.7,   7.0, 106.5,  58.9
 899,1.250e-06,2.143e+00,   8.6,   6.0, 101.3,  57.3,1.212e-01,  15.7,   6.7, 106.5,  58.9
 900,1.250e-06,2.207e+00,   8.8,   6.2, 101.3,  57.4,1.210e-01,  15.6,   7.5, 106.5,  58.9
 901,1.250e-06,2.130e+00,   8.7,   6.1, 101.2,  57.4,1.211e-01,  15.6,   7.1, 106.6,  58.9
 902,1.250e-06,2.190e+00,   8.7,   6.1, 101.1,  57.4,1.211e-01,  15.6,   6.8, 106.5,  58.9
 903,1.250e-06,2.149e+00,   8.6,   6.0, 101.2,  57.3,1.211e-01,  15.6,   6.5, 106.5,  58.9
 904,1.250e-06,2.151e+00,   8.6,   6.0, 101.3,  57.3,1.211e-01,  15.7,   7.8, 106.5,  59.0
 905,1.250e-06,2.165e+00,   8.7,   6.1, 101.2,  57.3,1.210e-01,  15.6,   7.1, 106.5,  58.9
 906,1.250e-06,2.145e+00,   8.8,   6.1, 101.1,  57.4,1.210e-01,  15.7,   7.7, 106.5,  58.9
 907,1.250e-06,2.196e+00,   8.7,   6.1, 101.3,  57.4,1.209e-01,  15.6,   7.3, 106.5,  58.9
 908,1.250e-06,2.153e+00,   8.6,   6.0, 101.2,  57.4,1.210e-01,  15.6,   6.5, 106.5,  58.9
 909,1.250e-06,2.170e+00,   8.8,   6.2, 101.3,  57.3,1.209e-01,  15.6,   6.8, 106.5,  58.8
 910,1.250e-06,2.158e+00,   8.7,   6.1, 101.2,  57.3,1.212e-01,  15.8,   6.2, 106.5,  58.9
 911,1.250e-06,2.128e+00,   8.6,   6.0, 101.1,  57.4,1.212e-01,  15.7,   6.2, 106.6,  59.0
 912,1.250e-06,2.167e+00,   8.7,   6.2, 101.1,  57.3,1.210e-01,  15.6,   6.6, 106.5,  58.9
 913,1.250e-06,2.124e+00,   8.7,   6.0, 101.1,  57.4,1.215e-01,  16.5,   6.9, 106.5,  58.9
 914,1.250e-06,2.168e+00,   8.7,   6.1, 101.2,  57.3,1.212e-01,  15.9,   6.2, 106.5,  58.9
 915,1.250e-06,2.170e+00,   8.7,   6.0, 101.1,  57.3,1.212e-01,  15.8,   6.7, 106.5,  58.9
 916,1.250e-06,2.168e+00,   8.7,   6.1, 101.3,  57.3,1.210e-01,  15.7,   6.3, 106.5,  58.9
 917,1.250e-06,2.166e+00,   8.5,   6.0, 101.2,  57.3,1.213e-01,  16.3,   6.5, 106.5,  58.9
 918,1.250e-06,2.117e+00,   8.7,   6.1, 101.2,  57.3,1.215e-01,  16.3,   6.5, 106.5,  58.9
 919,1.250e-06,2.163e+00,   8.6,   6.0, 101.2,  57.3,1.211e-01,  15.6,   7.0, 106.5,  58.9
 920,1.250e-06,2.162e+00,   8.6,   6.0, 101.2,  57.3,1.212e-01,  15.9,   6.3, 106.5,  58.9
 921,1.250e-06,2.206e+00,   8.7,   6.1, 101.2,  57.3,1.212e-01,  15.9,   6.3, 106.5,  59.0
 922,1.250e-06,2.167e+00,   8.6,   6.1, 101.1,  57.4,1.209e-01,  15.6,   6.5, 106.4,  58.8
 923,1.250e-06,2.176e+00,   8.7,   6.1, 101.2,  57.3,1.211e-01,  15.7,   6.4, 106.5,  58.9
 924,1.250e-06,2.186e+00,   8.8,   6.1, 101.2,  57.4,1.210e-01,  15.9,   7.7, 106.4,  58.8
 925,1.250e-06,2.197e+00,   8.7,   6.1, 101.1,  57.3,1.214e-01,  16.2,   9.2, 106.5,  58.9
 926,1.250e-06,2.154e+00,   8.8,   6.2, 101.1,  57.4,1.211e-01,  15.7,   6.7, 106.5,  58.8
 927,1.250e-06,2.131e+00,   8.7,   6.1, 101.1,  57.3,1.211e-01,  16.0,   8.6, 106.5,  58.8
 928,1.250e-06,2.156e+00,   8.7,   6.1, 101.2,  57.3,1.211e-01,  15.7,   6.5, 106.5,  58.9
 929,1.250e-06,2.153e+00,   8.7,   6.1, 101.1,  57.3,1.212e-01,  15.7,   7.0, 106.6,  58.9
 930,1.250e-06,2.164e+00,   8.6,   6.0, 101.2,  57.3,1.210e-01,  15.6,   6.9, 106.5,  58.9
 931,1.250e-06,2.079e+00,   8.7,   6.1, 101.2,  57.3,1.211e-01,  15.7,   6.2, 106.5,  58.9
 932,1.250e-06,2.120e+00,   8.6,   6.0, 101.1,  57.3,1.211e-01,  15.6,   6.6, 106.6,  58.9
 933,1.250e-06,2.111e+00,   8.6,   6.0, 101.1,  57.3,1.212e-01,  16.1,   8.8, 106.5,  58.9
 934,1.250e-06,2.168e+00,   8.7,   6.1, 101.0,  57.3,1.210e-01,  15.7,   6.6, 106.5,  58.9
 935,1.250e-06,2.131e+00,   8.8,   6.1, 101.2,  57.4,1.210e-01,  15.6,   7.2, 106.5,  58.9
 936,1.250e-06,2.139e+00,   8.6,   6.0, 101.1,  57.3,1.210e-01,  15.7,   6.4, 106.5,  58.9
 937,1.250e-06,2.175e+00,   8.6,   6.0, 101.1,  57.3,1.210e-01,  15.7,   6.3, 106.5,  58.9
 938,1.250e-06,2.128e+00,   8.7,   6.1, 101.2,  57.4,1.210e-01,  15.7,   6.4, 106.5,  58.8
 939,1.250e-06,2.153e+00,   8.6,   6.0, 101.1,  57.4,1.209e-01,  15.6,   7.2, 106.5,  58.8
 940,1.250e-06,2.150e+00,   8.7,   6.1, 101.2,  57.3,1.211e-01,  15.7,   6.6, 106.5,  58.8
 941,1.250e-06,2.170e+00,   8.6,   6.1, 101.2,  57.4,1.211e-01,  15.6,   7.1, 106.6,  58.9
 942,1.250e-06,2.161e+00,   8.6,   6.0, 101.1,  57.3,1.210e-01,  15.7,   6.3, 106.5,  58.8
 943,1.250e-06,2.171e+00,   8.7,   6.1, 101.0,  57.2,1.213e-01,  16.0,   6.3, 106.5,  58.9
 944,1.250e-06,2.159e+00,   8.6,   6.0, 101.1,  57.3,1.209e-01,  15.9,   8.1, 106.4,  58.8
 945,1.250e-06,2.095e+00,   8.8,   6.2, 101.2,  57.3,1.214e-01,  16.2,   6.5, 106.5,  59.0
 946,1.250e-06,2.187e+00,   8.7,   6.1, 101.1,  57.3,1.209e-01,  15.6,   6.7, 106.4,  58.8
 947,1.250e-06,2.121e+00,   8.7,   6.1, 101.1,  57.3,1.210e-01,  15.7,   6.6, 106.5,  58.8
 948,1.250e-06,2.177e+00,   8.6,   6.0, 101.1,  57.3,1.210e-01,  15.8,   6.3, 106.5,  58.8
 949,1.250e-06,2.127e+00,   8.7,   6.0, 101.0,  57.3,1.213e-01,  16.1,   6.3, 106.5,  58.9
 950,1.250e-06,2.133e+00,   8.7,   6.0, 101.1,  57.3,1.211e-01,  15.9,   6.4, 106.5,  58.9
 951,1.250e-06,2.176e+00,   8.8,   6.1, 101.1,  57.3,1.211e-01,  15.7,   6.5, 106.5,  58.9
 952,1.250e-06,2.160e+00,   8.6,   6.1, 101.1,  57.4,1.209e-01,  15.6,   6.6, 106.4,  58.9
 953,1.250e-06,2.174e+00,   8.6,   6.0, 101.0,  57.2,1.208e-01,  15.5,   7.0, 106.4,  58.9
 954,1.250e-06,2.122e+00,   8.6,   6.0, 101.0,  57.2,1.211e-01,  15.9,   6.3, 106.4,  58.9
 955,1.250e-06,2.172e+00,   8.7,   6.1, 101.0,  57.3,1.209e-01,  15.6,   6.4, 106.4,  58.9
 956,1.250e-06,2.137e+00,   8.6,   6.0, 101.1,  57.3,1.210e-01,  15.6,   6.8, 106.5,  58.8
 957,1.250e-06,2.180e+00,   8.6,   6.0, 101.0,  57.2,1.208e-01,  15.6,   7.4, 106.4,  58.8
 958,1.250e-06,2.209e+00,   8.5,   6.0, 101.1,  57.3,1.208e-01,  15.6,   6.7, 106.4,  58.8
 959,1.250e-06,2.133e+00,   8.6,   6.0, 101.2,  57.3,1.211e-01,  15.9,   6.3, 106.5,  58.9
 960,1.250e-06,2.128e+00,   8.6,   6.0, 101.0,  57.2,1.211e-01,  15.8,   6.7, 106.5,  58.8
 961,1.250e-06,2.157e+00,   8.6,   6.0, 101.0,  57.3,1.209e-01,  15.7,   6.7, 106.4,  58.8
 962,1.250e-06,2.155e+00,   8.9,   6.2, 101.1,  57.3,1.210e-01,  15.7,   6.5, 106.5,  58.8
 963,1.250e-06,2.151e+00,   8.7,   6.1, 101.0,  57.3,1.215e-01,  17.0,   7.6, 106.5,  58.9
 964,1.250e-06,2.150e+00,   8.6,   5.9, 101.1,  57.3,1.210e-01,  16.0,   8.5, 106.4,  58.9
 965,1.250e-06,2.154e+00,   8.6,   6.0, 101.1,  57.3,1.209e-01,  15.7,   6.8, 106.4,  58.8
 966,1.250e-06,2.136e+00,   8.6,   6.0, 101.0,  57.3,1.208e-01,  15.6,   6.8, 106.4,  58.8
 967,1.250e-06,2.163e+00,   8.7,   6.1, 101.0,  57.3,1.206e-01,  15.5,   7.3, 106.4,  58.8
 968,1.250e-06,2.145e+00,   8.6,   6.0, 101.1,  57.3,1.207e-01,  15.6,   7.4, 106.4,  58.8
 969,1.250e-06,2.137e+00,   8.6,   6.0, 101.1,  57.3,1.208e-01,  15.6,   7.0, 106.4,  58.8
 970,1.250e-06,2.213e+00,   8.6,   6.0, 100.9,  57.3,1.210e-01,  15.9,   8.3, 106.5,  58.8
 971,1.250e-06,2.175e+00,   8.6,   6.0, 101.1,  57.3,1.210e-01,  15.8,   6.6, 106.5,  58.8
 972,1.250e-06,2.183e+00,   8.6,   6.0, 101.0,  57.2,1.209e-01,  15.8,   6.5, 106.4,  58.8
 973,1.250e-06,2.118e+00,   8.7,   6.1, 101.1,  57.2,1.208e-01,  15.6,   7.2, 106.4,  58.9
 974,1.250e-06,2.156e+00,   8.6,   6.1, 101.1,  57.3,1.208e-01,  15.7,   7.3, 106.4,  58.8
 975,1.250e-06,2.160e+00,   8.8,   6.1, 101.0,  57.3,1.210e-01,  15.9,   6.2, 106.4,  58.9
 976,1.250e-06,2.154e+00,   8.6,   6.0, 101.0,  57.3,1.208e-01,  15.6,   7.2, 106.4,  58.8
 977,1.250e-06,2.142e+00,   8.8,   6.2, 101.0,  57.2,1.209e-01,  15.8,   6.4, 106.5,  58.8
 978,1.250e-06,2.180e+00,   8.5,   5.9, 101.0,  57.3,1.208e-01,  15.6,   7.2, 106.4,  58.8
 979,1.250e-06,2.119e+00,   8.8,   6.1, 101.0,  57.3,1.210e-01,  15.8,   6.2, 106.5,  58.9
 980,1.250e-06,2.115e+00,   8.7,   6.1, 101.0,  57.3,1.209e-01,  15.8,   6.2, 106.4,  58.8
 981,1.250e-06,2.146e+00,   8.6,   6.0, 101.0,  57.2,1.211e-01,  16.1,   6.3, 106.4,  58.9
 982,1.250e-06,2.136e+00,   8.7,   6.1, 101.0,  57.2,1.207e-01,  15.5,   6.8, 106.4,  58.8
 983,1.250e-06,2.142e+00,   8.5,   6.0, 101.0,  57.2,1.208e-01,  15.8,   6.2, 106.4,  58.9
 984,1.250e-06,2.127e+00,   8.6,   6.0, 100.8,  57.2,1.209e-01,  15.7,   6.2, 106.4,  58.8
 985,1.250e-06,2.150e+00,   8.6,   6.0, 101.0,  57.3,1.207e-01,  15.6,   7.4, 106.4,  58.8
 986,1.250e-06,2.148e+00,   8.7,   6.1, 100.9,  57.3,1.209e-01,  15.7,   6.5, 106.4,  58.8
 987,1.250e-06,2.167e+00,   8.6,   6.0, 101.0,  57.2,1.209e-01,  16.0,   8.6, 106.4,  58.8
 988,1.250e-06,2.131e+00,   8.7,   6.1, 100.9,  57.2,1.208e-01,  15.7,   6.3, 106.4,  58.8
 989,1.250e-06,2.118e+00,   8.7,   6.1, 100.8,  57.2,1.210e-01,  15.7,   6.9, 106.5,  58.8
 990,1.250e-06,2.179e+00,   8.6,   6.1, 101.0,  57.3,1.209e-01,  15.8,   6.4, 106.4,  58.8
 991,1.250e-06,2.129e+00,   8.5,   6.0, 101.0,  57.2,1.210e-01,  15.9,   6.4, 106.4,  58.8
 992,1.250e-06,2.081e+00,   8.7,   6.1, 101.0,  57.2,1.209e-01,  15.7,   6.2, 106.4,  58.8
 993,1.250e-06,2.119e+00,   8.6,   6.0, 100.9,  57.2,1.207e-01,  15.6,   7.4, 106.4,  58.8
 994,1.250e-06,2.164e+00,   8.5,   6.0, 101.0,  57.2,1.208e-01,  15.5,   6.6, 106.4,  58.8
 995,1.250e-06,2.162e+00,   8.8,   6.2, 101.0,  57.2,1.207e-01,  15.6,   7.2, 106.4,  58.8
 996,1.250e-06,2.104e+00,   8.7,   6.0, 101.0,  57.2,1.208e-01,  15.7,   6.2, 106.4,  58.8
 997,1.250e-06,2.164e+00,   8.6,   6.0, 100.9,  57.2,1.207e-01,  15.6,   6.4, 106.4,  58.8
 998,1.250e-06,2.123e+00,   8.7,   6.0, 100.9,  57.2,1.206e-01,  15.6,   7.0, 106.4,  58.8
 999,1.250e-06,2.152e+00,   8.6,   6.0, 101.0,  57.3,1.207e-01,  15.6,   6.9, 106.4,  58.8
