Epoch,learning rate,training loss,training energy RMSE (per atom),training energy MAE (per atom),training forces RMSE,training forces MAE,validation loss,validation energy RMSE (per atom),validation energy MAE (per atom),validation forces RMSE,validation forces MAE
,,,meV,meV,meV/A,meV/A,,meV,meV,meV/A,meV/A
   0,0.000e+00,1.369e+01,208.99,207.32,140.46,78.542,2.073e+00,208.45,206.53,441.58,84.362
   1,2.000e-06,6.432e+00, 99.34, 83.68,143.55,83.527,1.558e+00, 37.69, 29.15,445.27,88.730
   2,4.000e-06,4.122e+00, 19.98, 15.78,138.88,78.516,1.531e+00, 27.61, 13.50,443.42,82.168
   3,6.000e-06,3.808e+00, 14.49, 11.33,135.26,75.425,1.518e+00, 25.95, 12.03,441.96,80.118
   4,8.000e-06,3.698e+00, 12.82, 10.23,132.70,73.750,1.506e+00, 24.74, 11.31,440.51,78.551
   5,1.000e-05,3.626e+00, 12.03,  9.49,130.24,72.129,1.496e+00, 23.94, 10.64,439.40,77.061
   6,1.000e-05,3.457e+00, 11.60,  8.91,128.43,70.853,1.489e+00, 23.59, 10.21,438.55,75.963
   7,1.000e-05,3.407e+00, 11.26,  8.59,126.84,69.838,1.485e+00, 23.63,  9.85,438.04,75.033
   8,1.000e-05,3.316e+00, 11.02,  8.32,125.54,69.067,1.479e+00, 23.11, 10.05,437.34,74.274
   9,1.000e-05,3.289e+00, 10.76,  8.12,124.41,68.286,1.475e+00, 22.86,  9.94,436.71,73.800
  10,1.000e-05,3.204e+00, 10.59,  7.98,123.46,67.780,1.471e+00, 22.87,  9.39,436.29,73.178
  11,1.000e-05,3.202e+00, 10.48,  7.91,122.59,67.242,1.468e+00, 22.91,  9.15,435.89,72.734
  12,1.000e-05,3.077e+00, 10.28,  7.75,121.81,66.792,1.465e+00, 22.51,  9.26,435.42,72.417
  13,1.000e-05,3.080e+00, 10.21,  7.69,121.06,66.369,1.463e+00, 22.72,  8.89,435.13,71.954
  14,1.000e-05,3.089e+00, 10.16,  7.59,120.47,66.088,1.460e+00, 22.48,  9.91,434.73,71.647
  15,1.000e-05,3.033e+00, 10.22,  7.66,119.85,65.759,1.458e+00, 22.59,  8.69,434.42,71.489
  16,1.000e-05,3.011e+00, 10.02,  7.51,119.28,65.429,1.455e+00, 22.48, 10.01,434.02,71.171
  17,1.000e-05,2.902e+00, 10.16,  7.54,118.72,65.267,1.454e+00, 22.54, 10.37,433.97,70.956
  18,1.000e-05,2.929e+00,  9.90,  7.40,118.23,64.899,1.452e+00, 22.55,  8.63,433.65,70.624
  19,1.000e-05,2.902e+00,  9.90,  7.37,117.72,64.654,1.450e+00, 22.77,  8.76,433.30,70.528
  20,1.000e-05,2.881e+00,  9.97,  7.46,117.30,64.431,1.450e+00, 22.68,  8.57,433.36,70.196
  21,1.000e-05,2.922e+00,  9.87,  7.33,116.88,64.323,1.447e+00, 22.40,  8.63,432.98,69.949
  22,1.000e-05,2.797e+00,  9.92,  7.35,116.48,64.125,1.445e+00, 22.25,  9.00,432.78,69.747
  23,1.000e-05,2.775e+00,  9.80,  7.24,116.10,63.909,1.444e+00, 22.38,  9.65,432.59,69.614
  24,1.000e-05,2.850e+00,  9.88,  7.31,115.76,63.730,1.443e+00, 22.37,  8.79,432.44,69.530
  25,1.000e-05,2.776e+00,  9.89,  7.28,115.37,63.492,1.441e+00, 22.43,  8.96,432.19,69.279
  26,1.000e-05,2.758e+00,  9.88,  7.30,115.05,63.304,1.441e+00, 22.78,  8.37,432.19,69.229
  27,1.000e-05,2.806e+00,  9.78,  7.25,114.75,63.244,1.440e+00, 23.15,  8.73,432.10,69.043
  28,1.000e-05,2.765e+00,  9.81,  7.22,114.44,63.071,1.439e+00, 22.32,  9.56,432.07,68.945
  29,1.000e-05,2.741e+00,  9.65,  7.08,114.20,62.940,1.436e+00, 22.44,  8.87,431.59,68.781
  30,1.000e-05,2.752e+00,  9.78,  7.21,113.87,62.785,1.437e+00, 22.32,  8.63,431.69,68.677
  31,1.000e-05,2.706e+00,  9.59,  6.98,113.61,62.634,1.435e+00, 23.12, 12.04,431.35,68.653
  32,1.000e-05,2.718e+00,  9.84,  7.21,113.30,62.507,1.436e+00, 22.98,  8.38,431.59,68.604
  33,1.000e-05,2.685e+00,  9.60,  7.06,113.11,62.458,1.435e+00, 22.64, 10.64,431.46,68.275
  34,1.000e-05,2.696e+00,  9.68,  7.15,112.90,62.285,1.436e+00, 23.21,  8.69,431.47,68.299
  35,1.000e-05,2.619e+00,  9.68,  7.08,112.65,62.172,1.436e+00, 22.73,  8.25,431.60,68.181
  36,1.000e-05,2.725e+00,  9.64,  7.02,112.43,62.142,1.432e+00, 22.48,  8.61,431.01,68.106
  37,1.000e-05,2.660e+00,  9.64,  7.04,112.21,62.025,1.432e+00, 22.23,  9.15,431.14,67.883
  38,1.000e-05,2.671e+00,  9.64,  7.01,112.01,61.955,1.433e+00, 22.65,  8.31,431.29,67.796
  39,1.000e-05,2.650e+00,  9.78,  7.09,111.81,61.856,1.434e+00, 23.30,  8.82,431.28,67.839
  40,1.000e-05,2.617e+00,  9.79,  7.10,111.61,61.796,1.433e+00, 22.28,  8.89,431.35,67.695
  41,1.000e-05,2.581e+00,  9.80,  7.15,111.37,61.540,1.432e+00, 22.27,  8.57,431.28,67.591
  42,1.000e-05,2.579e+00,  9.82,  7.15,111.29,61.515,1.432e+00, 22.43,  9.75,431.16,67.491
  43,1.000e-05,2.644e+00,  9.74,  7.11,111.10,61.501,1.431e+00, 22.34,  8.87,431.15,67.405
  44,1.000e-05,2.584e+00,  9.50,  6.93,110.93,61.307,1.432e+00, 22.19,  8.65,431.20,67.383
  45,1.000e-05,2.577e+00,  9.68,  7.01,110.70,61.205,1.432e+00, 22.25,  8.73,431.23,67.317
  46,1.000e-05,2.560e+00,  9.50,  6.94,110.59,61.106,1.433e+00, 23.17,  8.58,431.26,67.243
  47,1.000e-05,2.576e+00,  9.47,  6.88,110.45,61.113,1.432e+00, 22.37,  8.35,431.25,67.301
  48,1.000e-05,2.578e+00,  9.58,  6.91,110.28,61.007,1.431e+00, 22.53,  8.42,431.03,67.175
  49,1.000e-05,2.557e+00,  9.38,  6.78,110.14,60.948,1.432e+00, 22.34,  8.56,431.24,67.102
  50,1.000e-05,2.528e+00,  9.49,  6.86,110.01,60.921,1.433e+00, 23.15,  8.45,431.40,67.057
  51,1.000e-05,2.523e+00,  9.43,  6.83,109.87,60.832,1.433e+00, 23.04,  8.32,431.39,67.035
  52,1.000e-05,2.517e+00,  9.43,  6.85,109.70,60.751,1.431e+00, 22.28,  8.60,431.19,66.885
  53,1.000e-05,2.557e+00,  9.60,  6.99,109.59,60.732,1.430e+00, 22.19,  8.49,431.10,66.823
  54,1.000e-05,2.491e+00,  9.49,  6.88,109.48,60.617,1.431e+00, 22.50, 10.34,431.17,66.861
  55,1.000e-05,2.502e+00,  9.62,  6.92,109.34,60.514,1.434e+00, 22.31,  8.87,431.57,66.812
  56,1.000e-05,2.502e+00,  9.44,  6.86,109.22,60.546,1.432e+00, 22.33,  8.33,431.36,66.693
  57,1.000e-05,2.475e+00,  9.59,  6.96,108.99,60.368,1.432e+00, 22.29,  9.05,431.43,66.773
  58,1.000e-05,2.505e+00,  9.41,  6.85,108.90,60.392,1.435e+00, 23.76,  9.56,431.66,66.575
  59,1.000e-05,2.471e+00,  9.61,  6.96,108.80,60.346,1.432e+00, 22.30,  8.30,431.45,66.549
  60,1.000e-05,2.517e+00,  9.40,  6.79,108.73,60.312,1.433e+00, 23.14,  8.51,431.54,66.611
  61,1.000e-05,2.462e+00,  9.41,  6.81,108.65,60.222,1.434e+00, 22.31,  9.34,431.71,66.544
  62,1.000e-05,2.446e+00,  9.31,  6.75,108.39,60.132,1.434e+00, 22.25,  8.94,431.74,66.445
  63,1.000e-05,2.513e+00,  9.73,  7.08,108.39,60.128,1.435e+00, 22.20,  8.40,431.93,66.386
  64,1.000e-05,2.432e+00,  9.33,  6.74,108.27,59.944,1.434e+00, 22.29,  8.48,431.84,66.306
  65,1.000e-05,2.474e+00,  9.47,  6.84,108.18,59.987,1.436e+00, 22.59, 10.54,432.00,66.273
  66,1.000e-05,2.444e+00,  9.41,  6.78,107.99,59.863,1.436e+00, 22.12,  8.80,432.07,66.176
  67,1.000e-05,2.518e+00,  9.65,  6.95,107.90,59.780,1.437e+00, 22.50,  8.00,432.20,66.164
  68,1.000e-05,2.452e+00,  9.34,  6.73,107.88,59.876,1.437e+00, 22.31,  9.87,432.35,66.140
  69,1.000e-05,2.488e+00,  9.44,  6.77,107.78,59.794,1.437e+00, 22.54,  7.98,432.30,66.067
  70,1.000e-05,2.436e+00,  9.42,  6.80,107.63,59.671,1.437e+00, 22.21,  8.45,432.38,65.998
  71,1.000e-05,2.464e+00,  9.51,  6.84,107.51,59.656,1.438e+00, 22.55,  8.24,432.43,66.046
  72,1.000e-05,2.425e+00,  9.36,  6.71,107.41,59.616,1.440e+00, 22.53,  8.17,432.81,65.917
  73,1.000e-05,2.452e+00,  9.41,  6.78,107.38,59.658,1.439e+00, 22.43,  8.18,432.66,65.872
  74,1.000e-05,2.455e+00,  9.44,  6.82,107.30,59.528,1.439e+00, 22.16,  8.91,432.62,65.824
  75,1.000e-05,2.434e+00,  9.38,  6.76,107.12,59.407,1.443e+00, 23.86,  9.66,433.08,65.922
  76,1.000e-05,2.391e+00,  9.31,  6.75,107.08,59.458,1.440e+00, 22.50,  7.96,432.87,65.834
  77,1.000e-05,2.407e+00,  9.27,  6.67,106.95,59.358,1.438e+00, 22.15,  8.84,432.48,65.720
  78,1.000e-05,2.391e+00,  9.45,  6.82,106.89,59.335,1.441e+00, 22.26,  8.46,432.96,65.676
  79,1.000e-05,2.418e+00,  9.22,  6.63,106.71,59.301,1.442e+00, 22.26,  8.29,433.09,65.722
  80,1.000e-05,2.399e+00,  9.19,  6.55,106.67,59.238,1.441e+00, 22.28,  8.39,433.08,65.651
  81,1.000e-05,2.381e+00,  9.33,  6.70,106.64,59.208,1.443e+00, 22.39,  8.21,433.36,65.594
  82,1.000e-05,2.368e+00,  9.43,  6.86,106.49,59.180,1.443e+00, 22.25,  8.22,433.33,65.552
  83,1.000e-05,2.366e+00,  9.35,  6.73,106.47,59.139,1.444e+00, 22.12,  8.68,433.45,65.521
  84,1.000e-05,2.341e+00,  9.28,  6.68,106.37,59.088,1.446e+00, 22.70,  8.10,433.76,65.630
  85,1.000e-05,2.381e+00,  9.13,  6.56,106.27,59.051,1.444e+00, 22.11,  8.92,433.58,65.436
  86,1.000e-05,2.369e+00,  9.46,  6.80,106.14,59.010,1.445e+00, 22.96,  8.39,433.54,65.426
  87,1.000e-05,2.355e+00,  9.30,  6.70,106.10,58.926,1.446e+00, 22.04,  9.44,433.90,65.540
  88,1.000e-05,2.382e+00,  9.36,  6.69,106.04,58.950,1.447e+00, 22.63,  7.95,433.89,65.428
  89,1.000e-05,2.348e+00,  9.23,  6.65,105.91,58.873,1.447e+00, 22.15,  8.51,434.06,65.327
  90,1.000e-05,2.330e+00,  9.18,  6.60,105.81,58.819,1.448e+00, 22.68,  8.00,434.04,65.375
  91,1.000e-05,2.315e+00,  9.31,  6.75,105.79,58.747,1.448e+00, 22.28,  8.57,434.13,65.515
  92,1.000e-05,2.308e+00,  9.39,  6.75,105.71,58.729,1.449e+00, 22.30,  8.40,434.38,65.255
  93,1.000e-05,2.326e+00,  9.18,  6.59,105.68,58.800,1.450e+00, 22.69,  7.97,434.51,65.214
  94,1.000e-05,2.374e+00,  9.30,  6.68,105.59,58.655,1.450e+00, 22.01,  8.60,434.46,65.230
  95,1.000e-05,2.354e+00,  9.31,  6.69,105.49,58.654,1.449e+00, 22.13,  8.43,434.41,65.333
  96,1.000e-05,2.316e+00,  9.10,  6.52,105.44,58.642,1.452e+00, 22.49, 10.04,434.86,65.143
  97,1.000e-05,2.299e+00,  9.33,  6.70,105.32,58.528,1.453e+00, 22.12,  8.97,434.91,65.091
  98,1.000e-05,2.327e+00,  9.07,  6.48,105.26,58.543,1.453e+00, 22.47,  8.16,435.00,65.069
  99,1.000e-05,2.313e+00,  9.13,  6.50,105.20,58.453,1.452e+00, 22.23,  8.90,434.78,65.031
 100,1.000e-05,2.322e+00,  9.30,  6.72,105.18,58.472,1.455e+00, 23.02,  8.47,435.16,65.112
 101,1.000e-05,2.324e+00,  9.43,  6.73,105.13,58.436,1.453e+00, 22.34, 10.01,435.07,65.084
 102,1.000e-05,2.331e+00,  9.29,  6.69,105.04,58.445,1.456e+00, 22.61,  8.02,435.46,65.028
 103,1.000e-05,2.327e+00,  9.26,  6.64,104.94,58.370,1.456e+00, 22.39,  8.25,435.53,64.902
 104,1.000e-05,2.297e+00,  9.20,  6.67,104.88,58.337,1.456e+00, 22.39,  8.03,435.51,64.875
 105,1.000e-05,2.312e+00,  9.27,  6.66,104.82,58.306,1.456e+00, 22.23,  9.36,435.50,65.020
 106,1.000e-05,2.297e+00,  9.14,  6.56,104.80,58.297,1.456e+00, 22.08,  8.09,435.50,64.993
 107,1.000e-05,2.268e+00,  9.22,  6.65,104.66,58.299,1.458e+00, 22.02,  8.27,435.83,64.828
 108,1.000e-05,2.291e+00,  9.16,  6.52,104.56,58.173,1.458e+00, 22.07,  8.59,435.92,64.770
 109,1.000e-05,2.317e+00,  9.12,  6.56,104.54,58.154,1.459e+00, 22.13,  9.50,435.96,64.758
 110,1.000e-05,2.271e+00,  9.29,  6.64,104.47,58.138,1.461e+00, 22.22,  8.12,436.31,64.800
 111,1.000e-05,2.302e+00,  9.27,  6.60,104.38,58.077,1.462e+00, 22.15,  8.86,436.40,64.790
 112,1.000e-05,2.311e+00,  9.23,  6.68,104.40,58.123,1.462e+00, 22.00,  8.62,436.49,64.703
 113,1.000e-05,2.328e+00,  9.15,  6.59,104.26,57.989,1.463e+00, 22.08,  7.89,436.64,64.716
 114,1.000e-05,2.312e+00,  9.20,  6.57,104.24,58.075,1.465e+00, 22.04,  8.04,437.02,64.735
 115,1.000e-05,2.266e+00,  9.11,  6.53,104.19,57.902,1.463e+00, 22.07,  8.42,436.67,64.857
 116,1.000e-05,2.299e+00,  9.17,  6.58,104.10,58.008,1.465e+00, 22.20,  8.06,436.92,64.751
 117,1.000e-05,2.302e+00,  9.24,  6.61,104.03,57.923,1.466e+00, 22.79,  8.10,437.10,64.578
 118,1.000e-05,2.310e+00,  9.12,  6.59,103.98,57.969,1.466e+00, 22.30,  7.75,437.13,64.649
 119,1.000e-05,2.244e+00,  9.28,  6.65,103.94,57.888,1.467e+00, 22.46,  8.03,437.29,64.597
 120,1.000e-05,2.265e+00,  9.33,  6.68,103.89,57.853,1.469e+00, 22.49,  7.80,437.50,64.606
 121,1.000e-05,2.276e+00,  9.23,  6.60,103.82,57.836,1.468e+00, 22.11,  8.35,437.38,64.666
 122,1.000e-05,2.239e+00,  9.14,  6.59,103.77,57.869,1.469e+00, 22.14,  8.22,437.55,64.693
 123,1.000e-05,2.227e+00,  9.24,  6.62,103.65,57.737,1.472e+00, 23.14,  8.48,437.97,64.548
 124,1.000e-05,2.254e+00,  9.06,  6.47,103.62,57.749,1.471e+00, 22.27,  7.98,437.94,64.448
 125,1.000e-05,2.260e+00,  9.01,  6.40,103.59,57.720,1.471e+00, 21.92,  8.46,438.00,64.456
 126,1.000e-05,2.228e+00,  9.32,  6.62,103.49,57.662,1.472e+00, 22.12,  8.24,438.05,64.837
 127,1.000e-05,2.214e+00,  9.41,  6.81,103.47,57.633,1.474e+00, 22.59,  7.90,438.38,64.497
 128,1.000e-05,2.287e+00,  9.28,  6.69,103.34,57.604,1.475e+00, 22.15,  8.21,438.48,64.459
 129,1.000e-05,2.236e+00,  8.98,  6.42,103.34,57.565,1.476e+00, 22.08,  8.23,438.71,64.403
 130,1.000e-05,2.235e+00,  9.22,  6.61,103.32,57.578,1.476e+00, 22.21,  7.95,438.66,64.434
 131,1.000e-05,2.229e+00,  8.96,  6.40,103.25,57.537,1.478e+00, 22.13,  8.04,438.96,64.341
 132,1.000e-05,2.230e+00,  9.07,  6.43,103.14,57.502,1.478e+00, 22.70,  7.92,439.02,64.319
 133,1.000e-05,2.236e+00,  9.31,  6.68,103.14,57.515,1.477e+00, 22.23,  7.74,438.90,64.404
 134,1.000e-05,2.211e+00,  9.13,  6.53,103.13,57.418,1.478e+00, 22.28,  7.95,439.06,64.295
 135,1.000e-05,2.234e+00,  8.99,  6.38,103.05,57.433,1.479e+00, 22.33,  7.87,439.15,64.202
 136,1.000e-05,2.258e+00,  8.95,  6.40,102.95,57.482,1.479e+00, 22.06,  9.41,439.20,64.255
 137,1.000e-05,2.231e+00,  9.09,  6.49,102.91,57.402,1.479e+00, 22.15,  7.91,439.22,64.301
 138,1.000e-05,2.224e+00,  9.08,  6.46,102.88,57.385,1.482e+00, 22.47, 10.67,439.58,64.417
 139,1.000e-05,2.198e+00,  9.21,  6.63,102.77,57.362,1.481e+00, 22.03,  7.92,439.44,64.215
 140,1.000e-05,2.234e+00,  9.12,  6.49,102.76,57.316,1.483e+00, 22.03,  9.20,439.84,64.165
 141,1.000e-05,2.208e+00,  9.02,  6.38,102.76,57.387,1.483e+00, 22.38, 10.84,439.74,64.192
 142,1.000e-05,2.266e+00,  9.40,  6.81,102.72,57.267,1.484e+00, 22.07,  9.37,439.96,64.238
 143,1.000e-05,2.189e+00,  9.13,  6.51,102.61,57.288,1.485e+00, 21.88,  8.08,440.16,64.227
 144,1.000e-05,2.225e+00,  9.05,  6.43,102.57,57.233,1.486e+00, 21.85,  8.72,440.33,64.103
 145,1.000e-05,2.182e+00,  9.05,  6.43,102.47,57.185,1.486e+00, 22.04,  8.41,440.30,64.196
 146,1.000e-05,2.241e+00,  9.35,  6.68,102.41,57.174,1.488e+00, 22.00,  8.15,440.63,64.139
 147,1.000e-05,2.192e+00,  9.02,  6.38,102.44,57.227,1.488e+00, 22.34,  7.96,440.55,64.036
 148,1.000e-05,2.185e+00,  9.28,  6.64,102.35,57.138,1.488e+00, 21.95,  8.01,440.68,64.134
 149,1.000e-05,2.223e+00,  8.79,  6.22,102.30,57.091,1.489e+00, 21.99,  8.90,440.82,64.105
 150,1.000e-05,2.182e+00,  9.07,  6.44,102.30,57.084,1.490e+00, 22.07,  8.06,440.88,64.024
 151,1.000e-05,2.199e+00,  9.19,  6.54,102.27,57.112,1.492e+00, 22.70,  7.98,441.24,64.112
 152,1.000e-05,2.191e+00,  9.14,  6.49,102.18,57.081,1.492e+00, 22.30,  7.61,441.17,63.984
 153,1.000e-05,2.143e+00,  8.92,  6.35,102.09,57.035,1.493e+00, 22.31,  7.55,441.35,64.185
 154,1.000e-05,2.214e+00,  9.15,  6.54,102.12,57.053,1.493e+00, 22.20,  7.84,441.41,63.972
 155,1.000e-05,2.215e+00,  9.08,  6.43,102.12,57.021,1.494e+00, 21.94,  8.39,441.65,63.925
 156,1.000e-05,2.176e+00,  8.75,  6.19,102.03,56.926,1.495e+00, 22.05,  8.05,441.64,64.450
 157,1.000e-05,2.187e+00,  9.10,  6.47,101.99,56.951,1.495e+00, 21.99,  8.14,441.75,63.934
 158,1.000e-05,2.201e+00,  8.85,  6.27,101.94,56.952,1.496e+00, 22.23,  7.79,441.87,63.987
 159,1.000e-05,2.216e+00,  8.98,  6.39,101.86,56.919,1.496e+00, 22.14,  7.81,441.83,64.061
 160,1.000e-05,2.175e+00,  9.12,  6.48,101.79,56.870,1.497e+00, 22.07,  8.01,442.09,63.904
 161,1.000e-05,2.137e+00,  9.07,  6.51,101.75,56.872,1.498e+00, 21.99,  8.23,442.22,63.985
 162,1.000e-05,2.168e+00,  8.93,  6.31,101.74,56.877,1.499e+00, 22.02,  8.20,442.39,64.002
 163,1.000e-05,2.155e+00,  9.21,  6.55,101.70,56.809,1.501e+00, 22.03,  8.72,442.61,63.856
 164,1.000e-05,2.198e+00,  9.11,  6.45,101.69,56.737,1.500e+00, 21.86,  8.13,442.52,63.962
 165,1.000e-05,2.220e+00,  8.91,  6.27,101.65,56.769,1.503e+00, 22.83,  7.95,442.82,63.895
 166,1.000e-05,2.173e+00,  9.25,  6.54,101.56,56.726,1.503e+00, 22.73,  7.92,442.90,63.834
 167,1.000e-05,2.203e+00,  8.97,  6.37,101.59,56.789,1.504e+00, 22.17,  7.46,443.06,63.864
 168,1.000e-05,2.170e+00,  8.97,  6.37,101.47,56.701,1.504e+00, 21.88,  9.08,443.09,63.809
 169,1.000e-05,2.081e+00,  9.09,  6.48,101.41,56.694,1.505e+00, 22.19,  7.45,443.33,63.801
 170,1.000e-05,2.167e+00,  8.85,  6.30,101.40,56.710,1.505e+00, 22.12,  7.68,443.34,63.778
 171,1.000e-05,2.156e+00,  8.96,  6.36,101.35,56.671,1.505e+00, 22.04,  8.62,443.35,63.683
 172,1.000e-05,2.183e+00,  9.28,  6.66,101.34,56.726,1.507e+00, 22.40,  7.65,443.50,63.687
 173,1.000e-05,2.104e+00,  9.08,  6.50,101.31,56.635,1.508e+00, 21.93,  7.91,443.69,63.716
 174,1.000e-05,2.139e+00,  9.07,  6.44,101.22,56.536,1.508e+00, 22.13,  9.64,443.67,63.807
 175,1.000e-05,2.181e+00,  9.12,  6.48,101.17,56.554,1.508e+00, 22.07,  7.79,443.71,63.775
 176,1.000e-05,2.116e+00,  8.96,  6.36,101.09,56.564,1.508e+00, 22.04,  9.19,443.74,63.736
 177,1.000e-05,2.151e+00,  9.04,  6.46,101.17,56.564,1.509e+00, 21.85,  8.11,443.94,63.650
 178,1.000e-05,2.168e+00,  8.95,  6.32,101.05,56.503,1.509e+00, 22.84,  8.12,443.90,63.821
 179,1.000e-05,2.142e+00,  9.41,  6.73,101.02,56.517,1.511e+00, 21.96,  8.36,444.16,63.619
 180,1.000e-05,2.155e+00,  8.95,  6.33,100.97,56.518,1.512e+00, 22.04,  7.99,444.27,63.929
 181,1.000e-05,2.137e+00,  8.91,  6.27,100.93,56.478,1.513e+00, 22.63,  7.91,444.40,63.632
 182,1.000e-05,2.194e+00,  8.80,  6.22,100.93,56.452,1.512e+00, 21.83,  8.38,444.33,63.530
 183,1.000e-05,2.198e+00,  9.07,  6.44,100.91,56.473,1.515e+00, 21.83,  7.99,444.87,63.596
 184,1.000e-05,2.107e+00,  9.00,  6.33,100.84,56.455,1.515e+00, 22.09,  8.21,444.82,63.559
 185,1.000e-05,2.136e+00,  9.18,  6.51,100.79,56.348,1.515e+00, 21.93,  8.01,444.93,63.568
 186,1.000e-05,2.139e+00,  9.37,  6.74,100.73,56.347,1.516e+00, 22.30, 10.61,444.91,63.683
 187,1.000e-05,2.138e+00,  9.05,  6.44,100.74,56.366,1.518e+00, 21.97,  7.52,445.26,63.631
 188,1.000e-05,2.140e+00,  8.77,  6.19,100.74,56.362,1.517e+00, 22.12,  7.87,445.11,63.685
 189,1.000e-05,2.102e+00,  8.96,  6.36,100.68,56.383,1.519e+00, 22.45,  7.71,445.41,63.622
 190,1.000e-05,2.110e+00,  8.79,  6.17,100.61,56.305,1.519e+00, 22.53,  7.69,445.31,63.625
 191,1.000e-05,2.089e+00,  8.77,  6.14,100.64,56.327,1.518e+00, 22.06,  9.71,445.32,63.543
 192,1.000e-05,2.155e+00,  8.84,  6.24,100.61,56.300,1.520e+00, 21.92,  8.05,445.64,63.481
 193,1.000e-05,2.171e+00,  8.83,  6.29,100.47,56.286,1.520e+00, 22.30,  7.78,445.61,63.464
 194,1.000e-05,2.108e+00,  8.88,  6.30,100.49,56.333,1.521e+00, 22.17,  7.49,445.80,63.487
 195,1.000e-05,2.140e+00,  8.78,  6.19,100.50,56.225,1.523e+00, 22.05,  7.46,445.99,63.546
 196,1.000e-05,2.081e+00,  9.13,  6.54,100.39,56.244,1.520e+00, 22.56,  7.88,445.61,63.565
 197,1.000e-05,2.116e+00,  8.83,  6.26,100.34,56.248,1.524e+00, 21.98,  7.73,446.17,63.506
 198,1.000e-05,2.133e+00,  8.85,  6.26,100.36,56.202,1.525e+00, 22.57,  7.73,446.27,63.481
 199,1.000e-05,2.153e+00,  8.78,  6.21,100.32,56.201,1.524e+00, 21.86,  7.97,446.32,63.447
 200,1.000e-05,2.122e+00,  8.87,  6.26,100.27,56.179,1.527e+00, 22.64,  7.81,446.57,63.505
 201,1.000e-05,2.132e+00,  8.86,  6.30,100.24,56.146,1.528e+00, 22.03,  7.53,446.83,63.432
 202,1.000e-05,2.104e+00,  8.86,  6.30,100.17,56.112,1.527e+00, 22.18,  9.75,446.72,63.317
 203,1.000e-05,2.161e+00,  8.92,  6.29,100.25,56.131,1.529e+00, 22.44,  7.63,446.90,63.485
 204,1.000e-05,2.124e+00,  8.72,  6.13,100.04,56.082,1.530e+00, 22.22,  7.65,447.14,63.405
 205,1.000e-05,2.075e+00,  8.83,  6.22,100.10,56.151,1.531e+00, 22.47,  7.61,447.31,63.383
 206,1.000e-05,2.097e+00,  8.96,  6.29,100.09,56.093,1.531e+00, 21.96,  8.76,447.37,63.316
 207,1.000e-05,2.109e+00,  8.85,  6.26,100.07,56.044,1.531e+00, 21.85,  8.34,447.38,63.415
 208,1.000e-05,2.101e+00,  9.05,  6.42,100.02,56.057,1.532e+00, 21.94,  7.72,447.41,63.444
 209,1.000e-05,2.111e+00,  8.66,  6.12, 99.91,56.002,1.533e+00, 22.01,  7.76,447.60,63.340
 210,1.000e-05,2.134e+00,  9.08,  6.56, 99.90,55.990,1.533e+00, 21.91,  7.95,447.67,63.317
 211,1.000e-05,2.065e+00,  8.63,  6.09, 99.88,56.004,1.533e+00, 21.99,  9.12,447.58,63.340
 212,1.000e-05,2.073e+00,  8.82,  6.23, 99.88,56.028,1.535e+00, 22.05,  9.62,447.89,63.311
 213,1.000e-05,2.056e+00,  9.01,  6.38, 99.79,56.014,1.534e+00, 22.06,  7.41,447.74,63.375
 214,1.000e-05,2.038e+00,  8.94,  6.31, 99.83,55.999,1.535e+00, 21.89,  7.69,447.93,63.296
 215,1.000e-05,2.086e+00,  8.77,  6.23, 99.83,55.957,1.536e+00, 21.92,  8.27,448.05,63.292
 216,1.000e-05,2.079e+00,  8.77,  6.24, 99.71,55.888,1.536e+00, 22.30,  7.49,448.09,63.332
 217,1.000e-05,2.074e+00,  8.71,  6.10, 99.72,55.931,1.537e+00, 22.03,  8.06,448.17,63.228
 218,1.000e-05,2.077e+00,  8.90,  6.29, 99.65,55.922,1.538e+00, 22.52,  7.69,448.35,63.211
 219,1.000e-05,2.021e+00,  9.04,  6.44, 99.70,55.893,1.537e+00, 22.19,  7.59,448.19,63.329
 220,1.000e-05,2.062e+00,  8.66,  6.13, 99.66,55.832,1.539e+00, 21.86,  7.54,448.57,63.361
 221,1.000e-05,2.065e+00,  8.90,  6.35, 99.54,55.827,1.541e+00, 22.17,  7.37,448.80,63.216
 222,1.000e-05,2.081e+00,  8.80,  6.21, 99.53,55.819,1.543e+00, 22.05,  7.73,449.08,63.439
 223,1.000e-05,2.038e+00,  8.71,  6.14, 99.49,55.812,1.542e+00, 21.80,  9.16,449.07,63.157
 224,1.000e-05,2.121e+00,  8.94,  6.34, 99.47,55.797,1.543e+00, 22.76,  8.00,449.08,63.187
 225,1.000e-05,2.090e+00,  8.95,  6.36, 99.47,55.769,1.544e+00, 21.80,  8.01,449.31,63.129
 226,1.000e-05,2.160e+00,  8.66,  6.11, 99.45,55.864,1.545e+00, 22.25,  7.65,449.45,63.145
 227,1.000e-05,2.111e+00,  8.81,  6.26, 99.39,55.762,1.545e+00, 21.81,  8.32,449.48,63.375
 228,1.000e-05,2.131e+00,  8.83,  6.27, 99.29,55.766,1.545e+00, 21.84,  8.70,449.46,63.210
 229,1.000e-05,2.093e+00,  8.80,  6.20, 99.30,55.711,1.547e+00, 21.81,  7.80,449.79,63.138
 230,1.000e-05,2.059e+00,  8.83,  6.24, 99.32,55.748,1.547e+00, 22.19,  7.65,449.72,63.082
 231,1.000e-05,2.031e+00,  8.65,  6.10, 99.20,55.644,1.547e+00, 22.00,  7.90,449.73,63.139
 232,1.000e-05,2.081e+00,  9.01,  6.35, 99.22,55.707,1.549e+00, 22.76,  8.19,449.97,63.212
 233,1.000e-05,2.047e+00,  8.78,  6.16, 99.16,55.692,1.549e+00, 22.00,  7.68,450.10,63.079
 234,1.000e-05,2.033e+00,  8.82,  6.23, 99.22,55.709,1.549e+00, 21.87,  8.98,450.06,63.064
 235,1.000e-05,2.111e+00,  8.96,  6.38, 99.17,55.670,1.552e+00, 23.53, 13.87,450.34,63.245
 236,1.000e-05,2.058e+00,  8.85,  6.31, 99.08,55.685,1.553e+00, 22.60,  7.89,450.54,63.029
 237,1.000e-05,2.045e+00,  8.77,  6.24, 99.04,55.626,1.553e+00, 24.01, 10.78,450.44,63.289
 238,1.000e-05,2.056e+00,  8.71,  6.13, 98.91,55.560,1.552e+00, 21.76,  8.03,450.54,63.085
 239,1.000e-05,2.036e+00,  8.57,  6.01, 98.98,55.615,1.554e+00, 22.18,  7.51,450.80,63.117
 240,1.000e-05,2.067e+00,  8.64,  6.11, 98.96,55.560,1.554e+00, 22.21,  7.68,450.73,63.216
 241,1.000e-05,2.069e+00,  8.89,  6.31, 99.00,55.630,1.557e+00, 22.73,  8.01,451.19,63.144
 242,1.000e-05,2.026e+00,  8.62,  6.06, 98.91,55.590,1.555e+00, 22.61,  7.95,450.93,63.141
 243,1.000e-05,2.084e+00,  8.93,  6.29, 98.94,55.615,1.559e+00, 22.06,  7.84,451.50,63.019
 244,1.000e-05,2.066e+00,  8.82,  6.26, 98.89,55.574,1.558e+00, 21.89,  8.21,451.36,63.064
 245,1.000e-05,2.031e+00,  8.69,  6.14, 98.90,55.606,1.557e+00, 22.03,  7.69,451.26,62.976
 246,1.000e-05,2.058e+00,  8.69,  6.19, 98.75,55.461,1.559e+00, 22.19,  7.70,451.51,63.024
 247,1.000e-05,2.047e+00,  8.98,  6.35, 98.77,55.561,1.561e+00, 22.46,  7.54,451.90,62.970
 248,1.000e-05,2.050e+00,  8.72,  6.12, 98.81,55.554,1.559e+00, 22.07,  9.36,451.64,62.931
 249,1.000e-05,2.074e+00,  8.76,  6.19, 98.70,55.523,1.561e+00, 21.94,  7.64,451.93,63.041
 250,1.000e-05,2.000e+00,  8.71,  6.15, 98.67,55.463,1.561e+00, 22.08,  7.44,451.90,63.030
 251,1.000e-05,2.119e+00,  8.66,  6.08, 98.64,55.461,1.563e+00, 21.87,  7.73,452.16,62.911
 252,1.000e-05,2.051e+00,  8.64,  6.09, 98.63,55.461,1.563e+00, 21.87,  7.82,452.16,62.942
 253,1.000e-05,2.072e+00,  8.58,  5.97, 98.64,55.401,1.562e+00, 22.27, 10.67,452.00,62.853
 254,1.000e-05,2.044e+00,  8.86,  6.28, 98.61,55.455,1.563e+00, 21.89,  7.67,452.18,62.920
 255,5.000e-06,2.000e+00,  8.43,  5.94, 98.35,55.249,1.564e+00, 21.84,  7.87,452.39,62.862
 256,5.000e-06,2.001e+00,  8.47,  5.94, 98.37,55.266,1.564e+00, 21.75,  8.08,452.43,62.855
 257,5.000e-06,2.008e+00,  8.49,  5.93, 98.38,55.274,1.565e+00, 21.81,  8.79,452.52,62.868
 258,5.000e-06,2.035e+00,  8.59,  6.02, 98.38,55.294,1.565e+00, 21.85,  8.35,452.55,62.837
 259,5.000e-06,2.021e+00,  8.49,  5.98, 98.33,55.279,1.567e+00, 22.55,  7.68,452.75,62.923
 260,5.000e-06,1.991e+00,  8.53,  5.98, 98.31,55.294,1.566e+00, 21.86,  7.53,452.66,62.861
 261,5.000e-06,2.051e+00,  8.46,  5.91, 98.32,55.279,1.567e+00, 22.18,  7.32,452.74,62.869
 262,5.000e-06,1.977e+00,  8.44,  5.94, 98.29,55.294,1.569e+00, 22.36,  7.44,453.01,62.820
 263,5.000e-06,2.019e+00,  8.39,  5.91, 98.26,55.249,1.568e+00, 21.81,  8.02,452.98,62.964
 264,5.000e-06,2.048e+00,  8.52,  5.93, 98.38,55.246,1.568e+00, 21.91,  7.53,452.97,62.811
 265,5.000e-06,2.040e+00,  8.46,  5.91, 98.28,55.238,1.569e+00, 22.03,  7.40,453.17,62.850
 266,5.000e-06,2.053e+00,  8.47,  5.93, 98.31,55.247,1.569e+00, 21.79,  7.88,453.06,62.842
 267,5.000e-06,2.020e+00,  8.48,  5.97, 98.22,55.209,1.568e+00, 21.79,  8.14,453.00,62.804
 268,5.000e-06,2.009e+00,  8.51,  5.97, 98.25,55.276,1.571e+00, 22.06,  7.38,453.35,62.824
 269,5.000e-06,2.025e+00,  8.43,  5.88, 98.24,55.232,1.570e+00, 21.96,  7.54,453.24,62.847
 270,5.000e-06,2.013e+00,  8.43,  5.89, 98.15,55.175,1.571e+00, 21.74,  7.56,453.47,62.792
 271,5.000e-06,1.986e+00,  8.48,  5.97, 98.15,55.264,1.572e+00, 22.07,  7.48,453.52,62.808
 272,5.000e-06,1.985e+00,  8.40,  5.83, 98.14,55.175,1.572e+00, 21.81,  7.88,453.58,62.972
 273,5.000e-06,1.990e+00,  8.46,  5.96, 98.15,55.225,1.573e+00, 21.89,  7.47,453.73,62.879
 274,5.000e-06,2.002e+00,  8.50,  5.99, 98.17,55.248,1.573e+00, 22.16,  7.39,453.67,62.801
 275,5.000e-06,2.021e+00,  8.50,  5.98, 98.19,55.237,1.573e+00, 21.89,  7.77,453.75,62.802
 276,5.000e-06,2.007e+00,  8.51,  5.97, 98.12,55.259,1.575e+00, 21.87,  7.81,453.94,62.776
 277,5.000e-06,2.009e+00,  8.52,  6.01, 97.57,55.127,1.574e+00, 21.82,  7.50,453.81,62.831
 278,5.000e-06,2.032e+00,  8.41,  5.87, 98.03,55.157,1.575e+00, 21.73,  7.90,454.07,62.879
 279,5.000e-06,2.009e+00,  8.51,  5.97, 98.04,55.119,1.575e+00, 21.89,  7.72,453.96,62.774
 280,5.000e-06,2.043e+00,  8.50,  5.97, 98.09,55.211,1.575e+00, 21.88,  8.11,454.00,62.808
 281,5.000e-06,1.976e+00,  8.49,  5.97, 98.04,55.188,1.576e+00, 21.80,  7.99,454.19,62.809
 282,5.000e-06,2.073e+00,  8.45,  5.95, 98.02,55.084,1.576e+00, 21.94,  7.52,454.09,62.780
 283,5.000e-06,1.995e+00,  8.37,  5.86, 98.00,55.112,1.577e+00, 21.99,  7.59,454.35,62.811
 284,5.000e-06,1.999e+00,  8.42,  5.89, 97.97,55.139,1.578e+00, 21.97,  7.47,454.39,62.782
 285,5.000e-06,2.012e+00,  8.59,  6.02, 98.03,55.101,1.578e+00, 22.22,  7.41,454.36,62.771
 286,5.000e-06,1.998e+00,  8.46,  5.92, 97.95,55.144,1.577e+00, 21.80,  8.24,454.32,62.747
 287,5.000e-06,2.016e+00,  8.61,  6.04, 98.01,55.090,1.578e+00, 21.82,  7.76,454.46,62.745
 288,5.000e-06,1.995e+00,  8.42,  5.90, 97.94,55.075,1.578e+00, 21.85,  7.51,454.46,62.880
 289,5.000e-06,2.007e+00,  8.47,  5.95, 97.96,55.063,1.578e+00, 21.77,  8.06,454.51,62.719
 290,5.000e-06,2.017e+00,  8.57,  6.03, 97.88,55.112,1.578e+00, 21.67,  8.28,454.48,62.724
 291,5.000e-06,2.014e+00,  8.42,  5.90, 97.86,55.113,1.579e+00, 22.03,  7.42,454.53,62.762
 292,5.000e-06,2.015e+00,  8.45,  5.93, 97.90,55.087,1.580e+00, 21.78,  8.01,454.79,62.707
 293,5.000e-06,1.997e+00,  8.38,  5.90, 97.81,55.040,1.581e+00, 21.89,  8.67,454.85,62.730
 294,5.000e-06,2.028e+00,  8.64,  6.07, 97.82,55.038,1.582e+00, 21.80,  8.61,455.00,62.742
 295,5.000e-06,1.978e+00,  8.37,  5.87, 97.83,55.110,1.581e+00, 22.23,  7.43,454.89,62.786
 296,5.000e-06,2.002e+00,  8.57,  6.00, 97.82,55.148,1.582e+00, 21.84,  8.08,455.09,62.745
 297,5.000e-06,2.032e+00,  8.71,  6.17, 97.83,55.034,1.582e+00, 21.67,  7.62,455.01,62.772
 298,5.000e-06,2.012e+00,  8.47,  5.92, 97.75,55.076,1.582e+00, 21.77,  8.44,455.11,62.687
 299,5.000e-06,1.990e+00,  8.44,  5.90, 97.84,55.106,1.582e+00, 21.92,  7.45,455.12,62.700
 300,5.000e-06,2.088e+00,  8.44,  5.90, 97.72,55.023,1.582e+00, 21.88,  7.79,455.11,62.747
 301,5.000e-06,1.947e+00,  8.43,  5.89, 97.75,55.064,1.584e+00, 21.82,  9.09,455.34,62.733
 302,5.000e-06,2.001e+00,  8.52,  5.97, 97.74,54.966,1.585e+00, 21.92,  7.66,455.48,62.680
 303,5.000e-06,1.987e+00,  8.42,  5.88, 97.76,55.021,1.584e+00, 21.84,  7.98,455.38,62.826
 304,5.000e-06,2.018e+00,  8.62,  6.04, 97.72,54.998,1.584e+00, 21.73,  8.20,455.32,62.766
 305,5.000e-06,1.996e+00,  8.47,  5.91, 97.70,54.997,1.584e+00, 21.64,  8.01,455.44,62.777
 306,5.000e-06,2.012e+00,  8.38,  5.82, 97.70,55.015,1.585e+00, 21.81,  8.88,455.56,62.672
 307,5.000e-06,1.976e+00,  8.51,  5.97, 97.65,55.005,1.585e+00, 21.81,  8.00,455.59,62.677
 308,5.000e-06,2.012e+00,  8.52,  5.94, 97.67,54.971,1.586e+00, 21.84,  8.93,455.57,62.843
 309,5.000e-06,2.018e+00,  8.44,  5.93, 97.63,54.967,1.587e+00, 21.80,  7.70,455.74,62.845
 310,5.000e-06,1.987e+00,  8.45,  5.92, 97.61,54.951,1.588e+00, 22.09,  7.46,455.88,62.652
 311,5.000e-06,2.008e+00,  8.45,  5.91, 97.58,54.986,1.587e+00, 21.90,  7.58,455.84,62.643
 312,5.000e-06,1.972e+00,  8.45,  5.90, 97.56,54.973,1.587e+00, 21.72,  8.08,455.85,62.663
 313,5.000e-06,2.043e+00,  8.55,  6.04, 97.61,54.939,1.588e+00, 21.80,  8.92,455.91,62.641
 314,5.000e-06,2.012e+00,  8.41,  5.88, 97.52,54.964,1.589e+00, 21.82,  7.49,456.04,62.636
 315,5.000e-06,2.017e+00,  8.49,  5.96, 97.54,54.988,1.590e+00, 22.46,  7.60,456.16,62.656
 316,5.000e-06,1.953e+00,  8.49,  5.95, 97.53,54.911,1.591e+00, 22.31,  7.47,456.33,62.664
 317,5.000e-06,2.003e+00,  8.43,  5.91, 97.58,54.953,1.591e+00, 21.80,  8.93,456.38,62.693
 318,5.000e-06,1.989e+00,  8.47,  5.96, 97.57,55.003,1.591e+00, 21.89,  7.81,456.35,62.741
 319,5.000e-06,1.988e+00,  8.43,  5.90, 97.47,54.908,1.590e+00, 21.76,  7.83,456.30,62.655
 320,5.000e-06,1.983e+00,  8.38,  5.87, 97.49,54.915,1.592e+00, 21.86,  7.44,456.47,62.620
 321,5.000e-06,1.995e+00,  8.35,  5.84, 97.49,54.878,1.592e+00, 22.28,  7.43,456.49,62.628
 322,5.000e-06,1.974e+00,  8.42,  5.91, 97.52,54.872,1.592e+00, 21.74,  7.51,456.57,62.702
 323,5.000e-06,2.007e+00,  8.52,  5.97, 97.47,54.969,1.593e+00, 22.07,  7.35,456.70,62.662
 324,5.000e-06,1.953e+00,  8.48,  5.92, 97.49,54.945,1.593e+00, 21.81,  7.73,456.71,62.629
 325,5.000e-06,1.989e+00,  8.39,  5.86, 97.42,54.884,1.594e+00, 21.75,  7.48,456.80,62.670
 326,5.000e-06,1.993e+00,  8.55,  6.01, 97.43,54.969,1.594e+00, 21.78,  7.99,456.90,62.620
 327,5.000e-06,2.012e+00,  8.36,  5.83, 97.43,54.869,1.594e+00, 21.75,  8.88,456.84,62.639
 328,5.000e-06,1.997e+00,  8.57,  6.02, 97.32,54.878,1.595e+00, 21.78,  7.69,457.04,62.605
 329,5.000e-06,1.987e+00,  8.41,  5.87, 97.35,54.913,1.595e+00, 21.80,  7.62,456.97,62.693
 330,5.000e-06,1.960e+00,  8.34,  5.79, 97.38,54.856,1.596e+00, 21.92,  7.51,457.13,62.613
 331,5.000e-06,2.013e+00,  8.47,  5.94, 97.37,54.884,1.598e+00, 22.43,  7.54,457.36,62.647
 332,5.000e-06,1.945e+00,  8.41,  5.89, 97.30,54.835,1.598e+00, 22.17,  7.25,457.48,62.627
 333,5.000e-06,1.998e+00,  8.37,  5.86, 97.34,54.843,1.596e+00, 21.81,  8.62,457.10,62.630
 334,5.000e-06,2.012e+00,  8.35,  5.83, 97.32,54.784,1.598e+00, 21.88,  7.63,457.40,62.639
 335,5.000e-06,1.993e+00,  8.37,  5.88, 97.28,54.745,1.598e+00, 21.92,  7.35,457.42,62.644
 336,5.000e-06,2.004e+00,  8.37,  5.81, 97.27,54.831,1.598e+00, 21.87,  7.39,457.37,62.708
 337,5.000e-06,1.976e+00,  8.42,  5.92, 97.26,54.896,1.598e+00, 21.69,  8.04,457.51,62.756
 338,5.000e-06,2.008e+00,  8.39,  5.88, 97.27,54.849,1.599e+00, 21.79,  7.71,457.58,62.571
 339,5.000e-06,1.953e+00,  8.42,  5.88, 97.18,54.821,1.601e+00, 22.95,  8.41,457.72,62.613
 340,5.000e-06,1.926e+00,  8.46,  5.90, 97.23,54.775,1.600e+00, 22.05,  7.42,457.79,62.586
 341,5.000e-06,1.952e+00,  8.39,  5.86, 97.27,54.789,1.601e+00, 22.13,  7.25,457.87,62.614
 342,5.000e-06,2.031e+00,  8.38,  5.81, 97.23,54.863,1.600e+00, 21.81,  7.66,457.80,62.600
 343,5.000e-06,1.966e+00,  8.40,  5.87, 97.16,54.733,1.601e+00, 21.78,  7.50,457.83,62.597
 344,5.000e-06,1.954e+00,  8.42,  5.89, 97.20,54.793,1.601e+00, 21.94,  7.46,457.92,62.574
 345,5.000e-06,1.991e+00,  8.48,  5.96, 97.23,54.806,1.601e+00, 21.91,  7.48,457.86,62.570
 346,5.000e-06,1.995e+00,  8.43,  5.90, 97.19,54.824,1.602e+00, 21.74,  7.86,458.00,62.542
 347,5.000e-06,1.965e+00,  8.51,  5.97, 97.12,54.807,1.603e+00, 21.82,  7.89,458.12,62.560
 348,5.000e-06,2.021e+00,  8.48,  5.94, 97.15,54.751,1.602e+00, 21.91,  9.16,458.08,62.621
 349,5.000e-06,1.976e+00,  8.62,  6.06, 97.06,54.864,1.603e+00, 22.00,  7.33,458.11,62.632
 350,5.000e-06,1.977e+00,  8.39,  5.86, 97.13,54.744,1.604e+00, 21.68,  7.82,458.31,62.560
 351,5.000e-06,2.014e+00,  8.40,  5.88, 97.11,54.733,1.604e+00, 22.33,  7.43,458.36,62.643
 352,5.000e-06,1.976e+00,  8.57,  5.99, 97.15,54.787,1.605e+00, 21.84,  7.38,458.52,62.550
 353,5.000e-06,1.969e+00,  8.36,  5.84, 97.09,54.823,1.604e+00, 21.89,  9.26,458.40,62.664
 354,5.000e-06,2.025e+00,  8.29,  5.81, 97.07,54.769,1.605e+00, 22.02,  9.25,458.48,62.597
 355,5.000e-06,1.980e+00,  8.38,  5.87, 97.03,54.739,1.606e+00, 21.85,  7.70,458.62,62.539
 356,5.000e-06,1.967e+00,  8.44,  5.89, 96.99,54.688,1.607e+00, 22.12,  7.31,458.73,62.639
 357,5.000e-06,1.970e+00,  8.39,  5.88, 97.05,54.749,1.606e+00, 21.71,  7.66,458.61,62.538
 358,5.000e-06,1.975e+00,  8.40,  5.87, 97.04,54.718,1.606e+00, 21.77,  8.59,458.65,62.581
 359,5.000e-06,1.958e+00,  8.41,  5.84, 97.01,54.676,1.607e+00, 21.91,  7.52,458.72,62.586
 360,5.000e-06,1.973e+00,  8.49,  5.99, 96.97,54.694,1.608e+00, 21.87,  7.49,458.99,62.513
 361,5.000e-06,1.983e+00,  8.48,  5.95, 96.92,54.703,1.608e+00, 21.81,  7.74,459.00,62.547
 362,5.000e-06,1.954e+00,  8.39,  5.88, 96.92,54.696,1.608e+00, 22.14,  7.35,458.87,62.485
 363,5.000e-06,1.973e+00,  8.38,  5.86, 96.95,54.705,1.608e+00, 21.65,  8.22,458.89,62.548
 364,5.000e-06,1.964e+00,  8.27,  5.77, 96.94,54.762,1.608e+00, 21.76,  7.93,459.00,62.516
 365,5.000e-06,1.974e+00,  8.32,  5.78, 96.91,54.666,1.609e+00, 21.90,  7.73,459.02,62.517
 366,5.000e-06,1.948e+00,  8.33,  5.86, 96.91,54.670,1.609e+00, 22.11,  7.29,459.04,62.592
 367,5.000e-06,1.982e+00,  8.67,  6.14, 96.86,54.675,1.611e+00, 22.06,  7.27,459.29,62.525
 368,5.000e-06,1.974e+00,  8.42,  5.83, 96.98,54.682,1.610e+00, 21.97,  7.57,459.16,62.496
 369,5.000e-06,1.980e+00,  8.39,  5.89, 96.91,54.613,1.611e+00, 21.93,  7.26,459.39,62.554
 370,5.000e-06,1.945e+00,  8.80,  6.26, 96.78,54.628,1.612e+00, 22.23,  7.31,459.49,62.518
 371,5.000e-06,1.950e+00,  8.32,  5.81, 96.88,54.710,1.612e+00, 22.54,  7.70,459.52,62.515
 372,5.000e-06,1.954e+00,  8.36,  5.84, 96.78,54.599,1.612e+00, 21.81,  8.75,459.49,62.554
 373,5.000e-06,1.962e+00,  8.29,  5.81, 96.87,54.686,1.612e+00, 21.85,  7.53,459.57,62.491
 374,5.000e-06,1.927e+00,  8.39,  5.88, 96.77,54.646,1.612e+00, 21.89,  7.46,459.55,62.536
 375,5.000e-06,1.984e+00,  8.36,  5.85, 96.78,54.655,1.613e+00, 21.79,  7.96,459.70,62.539
 376,5.000e-06,1.926e+00,  8.50,  6.00, 96.80,54.649,1.614e+00, 22.24,  7.28,459.79,62.570
 377,5.000e-06,1.928e+00,  8.41,  5.86, 96.74,54.622,1.614e+00, 21.72,  7.66,459.85,62.502
 378,5.000e-06,1.928e+00,  8.39,  5.85, 96.65,54.597,1.615e+00, 22.05,  7.40,459.90,62.501
 379,5.000e-06,2.006e+00,  8.38,  5.86, 96.77,54.631,1.615e+00, 21.74,  7.52,459.93,62.473
 380,5.000e-06,1.988e+00,  8.39,  5.85, 96.76,54.606,1.615e+00, 22.02,  7.31,459.95,62.465
 381,5.000e-06,1.920e+00,  8.41,  5.89, 96.75,54.554,1.616e+00, 21.77,  7.95,460.08,62.565
 382,5.000e-06,1.973e+00,  8.32,  5.79, 96.71,54.592,1.615e+00, 21.67,  8.16,460.06,62.459
 383,5.000e-06,1.971e+00,  8.35,  5.79, 96.69,54.608,1.616e+00, 22.72,  8.08,460.07,62.479
 384,5.000e-06,2.001e+00,  8.37,  5.88, 96.68,54.589,1.617e+00, 21.77,  8.09,460.34,62.505
 385,5.000e-06,1.984e+00,  8.41,  5.82, 96.75,54.611,1.618e+00, 22.16,  7.27,460.43,62.516
 386,5.000e-06,1.975e+00,  8.53,  5.95, 96.63,54.600,1.618e+00, 21.86,  7.33,460.44,62.465
 387,5.000e-06,1.971e+00,  8.34,  5.79, 96.67,54.573,1.618e+00, 21.84,  7.41,460.41,62.415
 388,5.000e-06,1.963e+00,  8.30,  5.82, 96.62,54.592,1.618e+00, 22.08,  7.30,460.45,62.495
 389,5.000e-06,1.979e+00,  8.41,  5.91, 96.69,54.589,1.619e+00, 21.73,  7.56,460.59,62.444
 390,5.000e-06,1.943e+00,  8.34,  5.85, 96.63,54.539,1.619e+00, 21.93,  7.24,460.60,62.473
 391,5.000e-06,1.956e+00,  8.54,  5.94, 96.65,54.544,1.620e+00, 21.70,  8.62,460.73,62.497
 392,5.000e-06,1.969e+00,  8.29,  5.77, 96.55,54.597,1.621e+00, 22.05,  7.19,460.82,62.571
 393,5.000e-06,1.945e+00,  8.49,  5.95, 96.59,54.517,1.622e+00, 22.45,  7.55,460.87,62.474
 394,5.000e-06,1.933e+00,  8.51,  5.94, 96.59,54.513,1.622e+00, 22.19,  7.29,460.89,62.564
 395,5.000e-06,1.953e+00,  8.33,  5.82, 96.55,54.525,1.622e+00, 21.89,  7.12,460.95,62.517
 396,5.000e-06,1.975e+00,  8.41,  5.85, 96.49,54.486,1.622e+00, 21.82,  7.31,461.07,62.454
 397,5.000e-06,1.967e+00,  8.26,  5.77, 96.58,54.527,1.622e+00, 21.98,  7.26,460.99,62.432
 398,5.000e-06,1.959e+00,  8.44,  5.87, 96.46,54.471,1.623e+00, 22.33,  7.44,461.10,62.418
 399,5.000e-06,1.918e+00,  8.41,  5.86, 96.53,54.535,1.623e+00, 21.77,  7.77,461.11,62.416
 400,5.000e-06,1.942e+00,  8.36,  5.85, 96.57,54.539,1.624e+00, 21.76,  7.60,461.29,62.401
 401,5.000e-06,1.990e+00,  8.32,  5.80, 96.48,54.520,1.623e+00, 21.79,  9.13,461.24,62.443
 402,5.000e-06,1.972e+00,  8.43,  5.90, 96.49,54.537,1.624e+00, 21.95,  7.20,461.24,62.384
 403,5.000e-06,1.981e+00,  8.34,  5.82, 96.46,54.467,1.623e+00, 22.03,  7.32,461.10,62.539
 404,5.000e-06,1.947e+00,  8.35,  5.82, 96.44,54.478,1.624e+00, 21.66,  7.67,461.27,62.389
 405,5.000e-06,1.934e+00,  8.40,  5.82, 96.39,54.403,1.624e+00, 21.74,  8.68,461.25,62.430
 406,5.000e-06,1.963e+00,  8.35,  5.82, 96.46,54.489,1.625e+00, 21.74,  7.68,461.46,62.545
 407,5.000e-06,1.914e+00,  8.33,  5.78, 96.41,54.488,1.625e+00, 21.71,  7.70,461.40,62.468
 408,5.000e-06,1.964e+00,  8.32,  5.83, 96.35,54.489,1.626e+00, 21.86,  7.63,461.59,62.387
 409,5.000e-06,1.992e+00,  8.45,  5.93, 96.38,54.490,1.627e+00, 21.75,  7.58,461.79,62.366
 410,5.000e-06,1.956e+00,  8.49,  5.93, 96.34,54.438,1.627e+00, 22.07,  7.27,461.72,62.421
 411,5.000e-06,1.948e+00,  8.36,  5.88, 96.33,54.454,1.627e+00, 21.92,  7.28,461.77,62.403
 412,5.000e-06,1.963e+00,  8.55,  6.01, 96.35,54.411,1.628e+00, 21.61,  7.81,461.87,62.384
 413,5.000e-06,1.924e+00,  8.32,  5.80, 96.43,54.413,1.627e+00, 21.85,  7.36,461.74,62.450
 414,5.000e-06,1.932e+00,  8.24,  5.74, 96.36,54.449,1.627e+00, 21.62,  8.00,461.74,62.440
 415,5.000e-06,1.908e+00,  8.37,  5.88, 96.38,54.428,1.628e+00, 21.69,  7.82,461.92,62.358
 416,5.000e-06,1.966e+00,  8.36,  5.85, 96.36,54.437,1.628e+00, 21.75,  7.67,461.92,62.389
 417,5.000e-06,1.946e+00,  8.40,  5.90, 96.32,54.484,1.628e+00, 21.82,  9.30,461.91,62.362
 418,5.000e-06,1.948e+00,  8.40,  5.85, 96.27,54.423,1.630e+00, 21.79,  7.72,462.24,62.318
 419,5.000e-06,1.961e+00,  8.33,  5.81, 96.31,54.356,1.630e+00, 21.64,  7.54,462.22,62.443
 420,5.000e-06,1.893e+00,  8.30,  5.80, 96.23,54.431,1.630e+00, 21.63,  8.32,462.20,62.380
 421,5.000e-06,1.990e+00,  8.60,  6.09, 96.35,54.444,1.631e+00, 21.93,  7.32,462.27,62.374
 422,5.000e-06,1.969e+00,  8.28,  5.74, 96.28,54.441,1.631e+00, 21.71,  8.27,462.33,62.407
 423,5.000e-06,1.941e+00,  8.35,  5.82, 96.26,54.423,1.630e+00, 21.71,  8.23,462.28,62.352
 424,5.000e-06,1.921e+00,  8.30,  5.77, 96.21,54.407,1.632e+00, 21.87,  7.37,462.51,62.345
 425,5.000e-06,1.928e+00,  8.28,  5.79, 96.18,54.372,1.632e+00, 21.67,  7.68,462.57,62.382
 426,5.000e-06,1.992e+00,  8.41,  5.93, 96.25,54.391,1.633e+00, 21.71,  8.12,462.58,62.372
 427,5.000e-06,1.946e+00,  8.23,  5.71, 96.19,54.392,1.633e+00, 21.99,  7.30,462.55,62.430
 428,5.000e-06,1.942e+00,  8.30,  5.75, 96.16,54.360,1.633e+00, 22.06,  7.21,462.58,62.399
 429,5.000e-06,1.948e+00,  8.28,  5.75, 96.16,54.376,1.632e+00, 21.76,  8.03,462.54,62.400
 430,5.000e-06,1.946e+00,  8.36,  5.84, 96.06,54.414,1.634e+00, 22.10,  7.28,462.71,62.370
 431,5.000e-06,1.922e+00,  8.51,  5.95, 96.17,54.355,1.635e+00, 21.66,  7.96,462.94,62.384
 432,5.000e-06,1.950e+00,  8.62,  6.06, 96.10,54.399,1.635e+00, 21.95,  7.32,462.92,62.336
 433,5.000e-06,1.967e+00,  8.49,  5.93, 96.16,54.393,1.635e+00, 22.13,  7.25,462.93,62.313
 434,5.000e-06,1.901e+00,  8.39,  5.88, 96.14,54.340,1.636e+00, 22.14,  7.29,463.02,62.371
 435,5.000e-06,1.921e+00,  8.23,  5.71, 96.10,54.383,1.636e+00, 22.18, 10.37,463.09,62.428
 436,5.000e-06,1.904e+00,  8.41,  5.88, 96.11,54.359,1.636e+00, 21.88,  7.42,463.04,62.408
 437,5.000e-06,1.962e+00,  8.27,  5.76, 96.14,54.406,1.638e+00, 22.00,  7.31,463.30,62.383
 438,5.000e-06,1.947e+00,  8.52,  5.89, 96.15,54.382,1.637e+00, 21.66,  7.93,463.21,62.354
 439,5.000e-06,1.944e+00,  8.35,  5.83, 96.08,54.353,1.637e+00, 21.66,  8.06,463.19,62.280
 440,5.000e-06,1.929e+00,  8.50,  6.00, 96.04,54.325,1.637e+00, 21.68,  8.18,463.21,62.464
 441,5.000e-06,1.938e+00,  8.32,  5.81, 96.08,54.294,1.638e+00, 21.92,  7.32,463.38,62.388
 442,5.000e-06,1.895e+00,  8.28,  5.79, 95.97,54.345,1.638e+00, 21.70,  8.85,463.38,62.315
 443,5.000e-06,1.955e+00,  8.39,  5.89, 96.07,54.318,1.638e+00, 22.32,  7.47,463.35,62.321
 444,5.000e-06,1.931e+00,  8.36,  5.84, 96.02,54.308,1.639e+00, 22.18,  7.31,463.54,62.279
 445,5.000e-06,1.872e+00,  8.36,  5.80, 96.00,54.308,1.639e+00, 21.87,  7.40,463.53,62.326
 446,5.000e-06,1.923e+00,  8.29,  5.80, 95.96,54.283,1.640e+00, 21.64,  7.70,463.60,62.344
 447,5.000e-06,1.899e+00,  8.30,  5.78, 95.95,54.286,1.640e+00, 21.71,  7.72,463.68,62.330
 448,5.000e-06,1.911e+00,  8.34,  5.82, 95.99,54.296,1.641e+00, 21.70,  8.88,463.78,62.322
 449,5.000e-06,1.964e+00,  8.20,  5.72, 95.96,54.221,1.642e+00, 22.03,  7.22,463.93,62.357
 450,5.000e-06,1.962e+00,  8.27,  5.77, 95.97,54.344,1.642e+00, 21.79,  7.41,464.02,62.272
 451,5.000e-06,1.915e+00,  8.37,  5.80, 95.88,54.305,1.642e+00, 21.98,  7.31,463.89,62.333
 452,5.000e-06,1.966e+00,  8.41,  5.95, 95.94,54.233,1.643e+00, 22.01,  7.19,464.04,62.324
 453,5.000e-06,1.923e+00,  8.35,  5.84, 95.94,54.280,1.643e+00, 21.92,  7.28,464.12,62.293
 454,5.000e-06,1.950e+00,  8.20,  5.70, 95.87,54.273,1.642e+00, 21.72,  7.76,463.97,62.283
 455,5.000e-06,1.930e+00,  8.27,  5.73, 95.88,54.244,1.643e+00, 21.90,  7.33,464.02,62.284
 456,5.000e-06,1.931e+00,  8.33,  5.77, 95.87,54.315,1.644e+00, 22.06,  7.21,464.28,62.278
 457,5.000e-06,1.898e+00,  8.47,  6.00, 95.87,54.252,1.644e+00, 22.07,  7.23,464.21,62.390
 458,5.000e-06,1.947e+00,  8.34,  5.82, 95.85,54.247,1.645e+00, 21.71,  7.82,464.34,62.320
 459,5.000e-06,1.934e+00,  8.43,  5.85, 95.85,54.189,1.645e+00, 21.74,  7.63,464.42,62.245
 460,5.000e-06,1.913e+00,  8.34,  5.87, 95.84,54.205,1.645e+00, 21.81,  7.21,464.41,62.258
 461,5.000e-06,1.958e+00,  8.24,  5.73, 95.83,54.269,1.645e+00, 21.88,  9.15,464.39,62.322
 462,5.000e-06,1.927e+00,  8.27,  5.77, 95.75,54.152,1.647e+00, 22.02,  7.19,464.65,62.319
 463,5.000e-06,1.827e+00,  8.20,  5.74, 93.65,54.156,1.646e+00, 21.65,  7.66,464.61,62.301
 464,5.000e-06,1.907e+00,  8.25,  5.76, 95.75,54.226,1.647e+00, 22.01,  7.17,464.60,62.614
 465,5.000e-06,1.913e+00,  8.34,  5.82, 95.82,54.195,1.647e+00, 21.88,  9.56,464.62,62.318
 466,5.000e-06,1.930e+00,  8.29,  5.77, 95.81,54.185,1.647e+00, 21.75,  8.75,464.70,62.274
 467,5.000e-06,1.920e+00,  8.48,  5.91, 95.73,54.195,1.647e+00, 21.77,  8.54,464.76,62.263
 468,5.000e-06,1.872e+00,  8.30,  5.78, 95.68,54.204,1.649e+00, 21.86,  7.16,464.93,62.243
 469,5.000e-06,1.949e+00,  8.32,  5.79, 95.70,54.169,1.648e+00, 21.73,  7.72,464.90,62.233
 470,5.000e-06,1.905e+00,  8.28,  5.78, 95.75,54.185,1.649e+00, 21.83,  7.36,464.96,62.261
 471,5.000e-06,1.933e+00,  8.28,  5.79, 95.78,54.201,1.649e+00, 21.97,  7.16,464.94,62.204
 472,5.000e-06,1.919e+00,  8.28,  5.77, 95.80,54.195,1.649e+00, 22.49,  7.77,464.97,62.335
 473,5.000e-06,1.903e+00,  8.42,  5.86, 95.72,54.224,1.649e+00, 21.75,  8.42,464.94,62.277
 474,5.000e-06,1.897e+00,  8.27,  5.76, 95.78,54.167,1.649e+00, 21.74,  8.01,465.05,62.205
 475,5.000e-06,1.926e+00,  8.28,  5.74, 95.66,54.201,1.651e+00, 21.89,  7.21,465.27,62.291
 476,5.000e-06,1.937e+00,  8.43,  5.90, 95.65,54.113,1.650e+00, 21.63,  7.96,465.18,62.281
 477,5.000e-06,1.908e+00,  8.26,  5.78, 95.60,54.135,1.651e+00, 21.80,  7.34,465.30,62.314
 478,5.000e-06,1.949e+00,  8.29,  5.78, 95.63,54.168,1.652e+00, 22.04,  7.09,465.43,62.358
 479,5.000e-06,1.926e+00,  8.25,  5.76, 95.62,54.103,1.652e+00, 21.59,  7.86,465.41,62.292
 480,5.000e-06,1.919e+00,  8.31,  5.82, 95.58,54.188,1.652e+00, 22.45,  7.58,465.35,62.240
 481,5.000e-06,1.885e+00,  8.25,  5.75, 95.63,54.155,1.652e+00, 21.82,  7.40,465.43,62.235
 482,5.000e-06,1.890e+00,  8.27,  5.78, 95.57,54.130,1.653e+00, 21.73,  7.57,465.57,62.196
 483,5.000e-06,1.902e+00,  8.37,  5.85, 95.59,54.158,1.654e+00, 21.85,  7.33,465.64,62.252
 484,5.000e-06,1.900e+00,  8.42,  5.83, 95.57,54.122,1.654e+00, 21.66,  8.41,465.68,62.214
 485,5.000e-06,1.889e+00,  8.35,  5.81, 95.58,54.166,1.654e+00, 21.88,  7.14,465.75,62.264
 486,5.000e-06,1.945e+00,  8.28,  5.74, 95.60,54.103,1.655e+00, 21.67,  7.61,465.87,62.284
 487,5.000e-06,1.899e+00,  8.46,  5.93, 95.57,54.124,1.656e+00, 21.84,  7.30,465.93,62.206
 488,5.000e-06,1.933e+00,  8.32,  5.81, 95.53,54.041,1.654e+00, 21.87,  9.59,465.76,62.194
 489,5.000e-06,1.935e+00,  8.39,  5.83, 95.53,54.134,1.655e+00, 21.66,  7.93,465.92,62.226
 490,5.000e-06,1.903e+00,  8.26,  5.79, 95.50,54.081,1.656e+00, 21.71,  7.58,466.08,62.228
 491,5.000e-06,1.862e+00,  8.41,  5.87, 95.54,54.116,1.657e+00, 21.80,  7.51,466.06,62.209
 492,5.000e-06,1.884e+00,  8.22,  5.72, 95.39,54.093,1.657e+00, 22.26,  7.36,466.16,62.242
 493,5.000e-06,1.905e+00,  8.52,  5.99, 95.46,54.098,1.658e+00, 21.79,  7.41,466.32,62.240
 494,5.000e-06,1.910e+00,  8.21,  5.72, 95.42,54.100,1.657e+00, 21.69,  9.07,466.20,62.287
 495,5.000e-06,1.900e+00,  8.38,  5.81, 95.45,54.118,1.658e+00, 21.66,  8.22,466.29,62.242
 496,5.000e-06,1.871e+00,  8.18,  5.72, 95.41,54.072,1.658e+00, 21.69,  7.83,466.28,62.183
 497,5.000e-06,1.940e+00,  8.28,  5.81, 95.39,54.090,1.659e+00, 21.78,  7.27,466.46,62.293
 498,5.000e-06,1.900e+00,  8.33,  5.79, 95.49,54.102,1.659e+00, 21.77,  7.26,466.45,62.263
 499,5.000e-06,1.900e+00,  8.34,  5.84, 95.42,53.982,1.660e+00, 21.81,  7.41,466.57,62.197
